firstAuthor,accessionId,publicationDate,journal,title,Structural category,Swiss Lipids Name,reportedTrait,efoTraits,bgTraits,discoverySampleAncestry,replicationSampleAncestry,associationCount,summaryStatistics,ssApiFlag,agreedToCc0,genotypingTechnologies,pubmedId,initialSampleDescription,replicateSampleDescription
Ottensmann L,GCST90277238,2023/10/31,Nat Commun,Genome-wide association analysis of plasma lipidome identifies 495 genetic associations.,Sterols (ST),Sterol ester (27:1/14:0),Sterol ester (27:1/14:0) levels,level of Sterol ester (27:1/14:0) in blood serum,-,7174,,2,http://ftp.ebi.ac.uk/pub/databases/gwas/summary_statistics/GCST90277001-GCST90278000/GCST90277238,no,yes,Genome-wide genotyping array,37907536,"7,174 Finnish ancestry individuals",NA
Ottensmann L,GCST90277239,2023/10/31,Nat Commun,Genome-wide association analysis of plasma lipidome identifies 495 genetic associations.,Sterols (ST),Sterol ester (27:1/15:0),Sterol ester (27:1/15:0) levels,level of Sterol ester (27:1/15:0) in blood serum,-,6428,,0,http://ftp.ebi.ac.uk/pub/databases/gwas/summary_statistics/GCST90277001-GCST90278000/GCST90277239,no,yes,Genome-wide genotyping array,37907536,"6,428 Finnish ancestry individuals",NA
Ottensmann L,GCST90277240,2023/10/31,Nat Commun,Genome-wide association analysis of plasma lipidome identifies 495 genetic associations.,Sterols (ST),Sterol ester (27:1/16:0),Sterol ester (27:1/16:0) levels,level of Sterol ester (27:1/16:0) in blood serum,-,7174,,9,http://ftp.ebi.ac.uk/pub/databases/gwas/summary_statistics/GCST90277001-GCST90278000/GCST90277240,no,yes,Genome-wide genotyping array,37907536,"7,174 Finnish ancestry individuals",NA
Ottensmann L,GCST90277241,2023/10/31,Nat Commun,Genome-wide association analysis of plasma lipidome identifies 495 genetic associations.,Sterols (ST),Sterol ester (27:1/16:1),Sterol ester (27:1/16:1) levels,level of Sterol ester (27:1/16:1) in blood serum,-,7172,,3,http://ftp.ebi.ac.uk/pub/databases/gwas/summary_statistics/GCST90277001-GCST90278000/GCST90277241,no,yes,Genome-wide genotyping array,37907536,"7,172 Finnish ancestry individuals",NA
Ottensmann L,GCST90277242,2023/10/31,Nat Commun,Genome-wide association analysis of plasma lipidome identifies 495 genetic associations.,Sterols (ST),Sterol ester (27:1/17:0),Sterol ester (27:1/17:0) levels,level of Sterol ester (27:1/17:0) in blood serum,-,7047,,2,http://ftp.ebi.ac.uk/pub/databases/gwas/summary_statistics/GCST90277001-GCST90278000/GCST90277242,no,yes,Genome-wide genotyping array,37907536,"7,047 Finnish ancestry individuals",NA
Ottensmann L,GCST90277243,2023/10/31,Nat Commun,Genome-wide association analysis of plasma lipidome identifies 495 genetic associations.,Sterols (ST),Sterol ester (27:1/17:1),Sterol ester (27:1/17:1) levels,esterified cholesterol measurement,-,7166,,1,http://ftp.ebi.ac.uk/pub/databases/gwas/summary_statistics/GCST90277001-GCST90278000/GCST90277243,no,yes,Genome-wide genotyping array,37907536,"7,166 Finnish ancestry individuals",NA
Ottensmann L,GCST90277244,2023/10/31,Nat Commun,Genome-wide association analysis of plasma lipidome identifies 495 genetic associations.,Sterols (ST),Sterol ester (27:1/18:0),Sterol ester (27:1/18:0) levels,level of Sterol ester (27:1/18:0) in blood serum,-,7157,,9,http://ftp.ebi.ac.uk/pub/databases/gwas/summary_statistics/GCST90277001-GCST90278000/GCST90277244,no,yes,Genome-wide genotyping array,37907536,"7,157 Finnish ancestry individuals",NA
Ottensmann L,GCST90277245,2023/10/31,Nat Commun,Genome-wide association analysis of plasma lipidome identifies 495 genetic associations.,Sterols (ST),Sterol ester (27:1/18:1),Sterol ester (27:1/18:1) levels,level of Sterol ester (27:1/18:1) in blood serum,-,7174,,5,http://ftp.ebi.ac.uk/pub/databases/gwas/summary_statistics/GCST90277001-GCST90278000/GCST90277245,no,yes,Genome-wide genotyping array,37907536,"7,174 Finnish ancestry individuals",NA
Ottensmann L,GCST90277246,2023/10/31,Nat Commun,Genome-wide association analysis of plasma lipidome identifies 495 genetic associations.,Sterols (ST),Sterol ester (27:1/18:2),Sterol ester (27:1/18:2) levels,level of Sterol ester (27:1/18:2) in blood serum,-,7174,,7,http://ftp.ebi.ac.uk/pub/databases/gwas/summary_statistics/GCST90277001-GCST90278000/GCST90277246,no,yes,Genome-wide genotyping array,37907536,"7,174 Finnish ancestry individuals",NA
Ottensmann L,GCST90277247,2023/10/31,Nat Commun,Genome-wide association analysis of plasma lipidome identifies 495 genetic associations.,Sterols (ST),Sterol ester (27:1/18:3),Sterol ester (27:1/18:3) levels,level of Sterol ester (27:1/18:3) in blood serum,-,7174,,5,http://ftp.ebi.ac.uk/pub/databases/gwas/summary_statistics/GCST90277001-GCST90278000/GCST90277247,no,yes,Genome-wide genotyping array,37907536,"7,174 Finnish ancestry individuals",NA
Ottensmann L,GCST90277248,2023/10/31,Nat Commun,Genome-wide association analysis of plasma lipidome identifies 495 genetic associations.,Sterols (ST),Sterol ester (27:1/20:2),Sterol ester (27:1/20:2) levels,level of Sterol ester (27:1/20:2) in blood serum,-,5848,,2,http://ftp.ebi.ac.uk/pub/databases/gwas/summary_statistics/GCST90277001-GCST90278000/GCST90277248,no,yes,Genome-wide genotyping array,37907536,"5,848 Finnish ancestry individuals",NA
Ottensmann L,GCST90277249,2023/10/31,Nat Commun,Genome-wide association analysis of plasma lipidome identifies 495 genetic associations.,Sterols (ST),Sterol ester (27:1/20:3),Sterol ester (27:1/20:3) levels,level of Sterol ester (27:1/20:3) in blood serum,-,7171,,6,http://ftp.ebi.ac.uk/pub/databases/gwas/summary_statistics/GCST90277001-GCST90278000/GCST90277249,no,yes,Genome-wide genotyping array,37907536,"7,171 Finnish ancestry individuals",NA
Ottensmann L,GCST90277250,2023/10/31,Nat Commun,Genome-wide association analysis of plasma lipidome identifies 495 genetic associations.,Sterols (ST),Sterol ester (27:1/20:4),Sterol ester (27:1/20:4) levels,level of Sterol ester (27:1/20:4) in blood serum,-,7174,,8,http://ftp.ebi.ac.uk/pub/databases/gwas/summary_statistics/GCST90277001-GCST90278000/GCST90277250,no,yes,Genome-wide genotyping array,37907536,"7,174 Finnish ancestry individuals",NA
Ottensmann L,GCST90277251,2023/10/31,Nat Commun,Genome-wide association analysis of plasma lipidome identifies 495 genetic associations.,Sterols (ST),Sterol ester (27:1/20:5),Sterol ester (27:1/20:5) levels,level of Sterol ester (27:1/20:5) in blood serum,-,7174,,3,http://ftp.ebi.ac.uk/pub/databases/gwas/summary_statistics/GCST90277001-GCST90278000/GCST90277251,no,yes,Genome-wide genotyping array,37907536,"7,174 Finnish ancestry individuals",NA
Ottensmann L,GCST90277252,2023/10/31,Nat Commun,Genome-wide association analysis of plasma lipidome identifies 495 genetic associations.,Sterols (ST),Sterol ester (27:1/22:6),Sterol ester (27:1/22:6) levels,level of Sterol ester (27:1/22:6) in blood serum,-,7173,,2,http://ftp.ebi.ac.uk/pub/databases/gwas/summary_statistics/GCST90277001-GCST90278000/GCST90277252,no,yes,Genome-wide genotyping array,37907536,"7,173 Finnish ancestry individuals",NA
Ottensmann L,GCST90277253,2023/10/31,Nat Commun,Genome-wide association analysis of plasma lipidome identifies 495 genetic associations.,Sphingolipids (SL),Ceramide (d40:1),Ceramide (d40:1) levels,level of Ceramide (d40:1) in blood serum,-,7117,,6,http://ftp.ebi.ac.uk/pub/databases/gwas/summary_statistics/GCST90277001-GCST90278000/GCST90277253,no,yes,Genome-wide genotyping array,37907536,"7,117 Finnish ancestry individuals",NA
Ottensmann L,GCST90277254,2023/10/31,Nat Commun,Genome-wide association analysis of plasma lipidome identifies 495 genetic associations.,Sphingolipids (SL),Ceramide (d40:2),Ceramide (d40:2) levels,level of Ceramide (d40:2) in blood serum,-,5287,,2,http://ftp.ebi.ac.uk/pub/databases/gwas/summary_statistics/GCST90277001-GCST90278000/GCST90277254,no,yes,Genome-wide genotyping array,37907536,"5,287 Finnish ancestry individuals",NA
Ottensmann L,GCST90277255,2023/10/31,Nat Commun,Genome-wide association analysis of plasma lipidome identifies 495 genetic associations.,Sphingolipids (SL),Ceramide (d42:1),Ceramide (d42:1) levels,level of Ceramide (d42:1) in blood serum,-,7174,,2,http://ftp.ebi.ac.uk/pub/databases/gwas/summary_statistics/GCST90277001-GCST90278000/GCST90277255,no,yes,Genome-wide genotyping array,37907536,"7,174 Finnish ancestry individuals",NA
Ottensmann L,GCST90277256,2023/10/31,Nat Commun,Genome-wide association analysis of plasma lipidome identifies 495 genetic associations.,Sphingolipids (SL),Ceramide (d42:2),Ceramide (d42:2) levels,level of Ceramide (d42:2) in blood serum,-,7173,,6,http://ftp.ebi.ac.uk/pub/databases/gwas/summary_statistics/GCST90277001-GCST90278000/GCST90277256,no,yes,Genome-wide genotyping array,37907536,"7,173 Finnish ancestry individuals",NA
Ottensmann L,GCST90277257,2023/10/31,Nat Commun,Genome-wide association analysis of plasma lipidome identifies 495 genetic associations.,Sterols (ST),cholesterol,Cholesterol levels,total cholesterol measurement,-,7166,,2,http://ftp.ebi.ac.uk/pub/databases/gwas/summary_statistics/GCST90277001-GCST90278000/GCST90277257,no,yes,Genome-wide genotyping array,37907536,"7,166 Finnish ancestry individuals",NA
Ottensmann L,GCST90277258,2023/10/31,Nat Commun,Genome-wide association analysis of plasma lipidome identifies 495 genetic associations.,Glycerolipids (GL),Diacylglycerol (16:0_18:1),Diacylglycerol (16:0_18:1) levels,level of Diacylglycerol (16:0_18:1) in blood serum,-,6293,,1,http://ftp.ebi.ac.uk/pub/databases/gwas/summary_statistics/GCST90277001-GCST90278000/GCST90277258,no,yes,Genome-wide genotyping array,37907536,"6,293 Finnish ancestry individuals",NA
Ottensmann L,GCST90277259,2023/10/31,Nat Commun,Genome-wide association analysis of plasma lipidome identifies 495 genetic associations.,Glycerolipids (GL),Diacylglycerol (16:0_18:2),Diacylglycerol (16:0_18:2) levels,level of Diacylglycerol (16:0_18:2) in blood serum,-,6075,,1,http://ftp.ebi.ac.uk/pub/databases/gwas/summary_statistics/GCST90277001-GCST90278000/GCST90277259,no,yes,Genome-wide genotyping array,37907536,"6,075 Finnish ancestry individuals",NA
Ottensmann L,GCST90277260,2023/10/31,Nat Commun,Genome-wide association analysis of plasma lipidome identifies 495 genetic associations.,Glycerolipids (GL),Diacylglycerol (16:1_18:1),Diacylglycerol (16:1_18:1) levels,level of Diacylglycerol (16:1_18:1) in blood serum,-,6215,,2,http://ftp.ebi.ac.uk/pub/databases/gwas/summary_statistics/GCST90277001-GCST90278000/GCST90277260,no,yes,Genome-wide genotyping array,37907536,"6,215 Finnish ancestry individuals",NA
Ottensmann L,GCST90277261,2023/10/31,Nat Commun,Genome-wide association analysis of plasma lipidome identifies 495 genetic associations.,Glycerolipids (GL),Diacylglycerol (18:1_18:1),Diacylglycerol (18:1_18:1) levels,level of Diacylglycerol (18:1_18:1) in blood serum,-,6884,,5,http://ftp.ebi.ac.uk/pub/databases/gwas/summary_statistics/GCST90277001-GCST90278000/GCST90277261,no,yes,Genome-wide genotyping array,37907536,"6,884 Finnish ancestry individuals",NA
Ottensmann L,GCST90277262,2023/10/31,Nat Commun,Genome-wide association analysis of plasma lipidome identifies 495 genetic associations.,Glycerolipids (GL),Diacylglycerol (18:1_18:2),Diacylglycerol (18:1_18:2) levels,level of Diacylglycerol (18:1_18:2) in blood serum,-,6613,,6,http://ftp.ebi.ac.uk/pub/databases/gwas/summary_statistics/GCST90277001-GCST90278000/GCST90277262,no,yes,Genome-wide genotyping array,37907536,"6,613 Finnish ancestry individuals",NA
Ottensmann L,GCST90277263,2023/10/31,Nat Commun,Genome-wide association analysis of plasma lipidome identifies 495 genetic associations.,Glycerolipids (GL),Diacylglycerol (18:1_18:3),Diacylglycerol (18:1_18:3) levels,level of Diacylglycerol (18:1_18:3) in blood serum,-,6572,,1,http://ftp.ebi.ac.uk/pub/databases/gwas/summary_statistics/GCST90277001-GCST90278000/GCST90277263,no,yes,Genome-wide genotyping array,37907536,"6,572 Finnish ancestry individuals",NA
Ottensmann L,GCST90277264,2023/10/31,Nat Commun,Genome-wide association analysis of plasma lipidome identifies 495 genetic associations.,Glycerophospholipids (GP),Phosphatidylcholine (16:0_0:0),Phosphatidylcholine (16:0_0:0) levels,level of Phosphatidylcholine (16:0_0:0) in blood serum,-,7174,,2,http://ftp.ebi.ac.uk/pub/databases/gwas/summary_statistics/GCST90277001-GCST90278000/GCST90277264,no,yes,Genome-wide genotyping array,37907536,"7,174 Finnish ancestry individuals",NA
Ottensmann L,GCST90277265,2023/10/31,Nat Commun,Genome-wide association analysis of plasma lipidome identifies 495 genetic associations.,Glycerophospholipids (GP),Phosphatidylcholine (18:0_0:0),Phosphatidylcholine (18:0_0:0) levels,level of Phosphatidylcholine (18:0_0:0) in blood serum,-,7173,,0,http://ftp.ebi.ac.uk/pub/databases/gwas/summary_statistics/GCST90277001-GCST90278000/GCST90277265,no,yes,Genome-wide genotyping array,37907536,"7,173 Finnish ancestry individuals",NA
Ottensmann L,GCST90277266,2023/10/31,Nat Commun,Genome-wide association analysis of plasma lipidome identifies 495 genetic associations.,Glycerophospholipids (GP),Phosphatidylcholine (18:1_0:0),Phosphatidylcholine (18:1_0:0) levels,level of Phosphatidylcholine (18:1_0:0) in blood serum,-,7174,,1,http://ftp.ebi.ac.uk/pub/databases/gwas/summary_statistics/GCST90277001-GCST90278000/GCST90277266,no,yes,Genome-wide genotyping array,37907536,"7,174 Finnish ancestry individuals",NA
Ottensmann L,GCST90277267,2023/10/31,Nat Commun,Genome-wide association analysis of plasma lipidome identifies 495 genetic associations.,Glycerophospholipids (GP),Phosphatidylcholine (18:2_0:0),Phosphatidylcholine (18:2_0:0) levels,level of Phosphatidylcholine (18:2_0:0) in blood serum,-,7174,,4,http://ftp.ebi.ac.uk/pub/databases/gwas/summary_statistics/GCST90277001-GCST90278000/GCST90277267,no,yes,Genome-wide genotyping array,37907536,"7,174 Finnish ancestry individuals",NA
Ottensmann L,GCST90277268,2023/10/31,Nat Commun,Genome-wide association analysis of plasma lipidome identifies 495 genetic associations.,Glycerophospholipids (GP),Phosphatidylcholine (20:4_0:0),Phosphatidylcholine (20:4_0:0) levels,level of Phosphatidylcholine (20:4_0:0) in blood serum,-,6235,,2,http://ftp.ebi.ac.uk/pub/databases/gwas/summary_statistics/GCST90277001-GCST90278000/GCST90277268,no,yes,Genome-wide genotyping array,37907536,"6,235 Finnish ancestry individuals",NA
Ottensmann L,GCST90277269,2023/10/31,Nat Commun,Genome-wide association analysis of plasma lipidome identifies 495 genetic associations.,Glycerophospholipids (GP),Phosphatidylethanolamine (18:0_0:0),Phosphatidylethanolamine (18:0_0:0) levels,level of Phosphatidylethanolamine (18:0_0:0) in blood serum,-,6258,,2,http://ftp.ebi.ac.uk/pub/databases/gwas/summary_statistics/GCST90277001-GCST90278000/GCST90277269,no,yes,Genome-wide genotyping array,37907536,"6,258 Finnish ancestry individuals",NA
Ottensmann L,GCST90277270,2023/10/31,Nat Commun,Genome-wide association analysis of plasma lipidome identifies 495 genetic associations.,Glycerophospholipids (GP),Phosphatidylethanolamine (18:1_0:0),Phosphatidylethanolamine (18:1_0:0) levels,level of Phosphatidylethanolamine (18:1_0:0) in blood serum,-,5172,,0,http://ftp.ebi.ac.uk/pub/databases/gwas/summary_statistics/GCST90277001-GCST90278000/GCST90277270,no,yes,Genome-wide genotyping array,37907536,"5,172 Finnish ancestry individuals",NA
Ottensmann L,GCST90277271,2023/10/31,Nat Commun,Genome-wide association analysis of plasma lipidome identifies 495 genetic associations.,Glycerophospholipids (GP),Phosphatidylethanolamine (18:2_0:0),Phosphatidylethanolamine (18:2_0:0) levels,level of Phosphatidylethanolamine (18:2_0:0) in blood serum,-,6905,,2,http://ftp.ebi.ac.uk/pub/databases/gwas/summary_statistics/GCST90277001-GCST90278000/GCST90277271,no,yes,Genome-wide genotyping array,37907536,"6,905 Finnish ancestry individuals",NA
Ottensmann L,GCST90277272,2023/10/31,Nat Commun,Genome-wide association analysis of plasma lipidome identifies 495 genetic associations.,Glycerophospholipids (GP),Phosphatidylcholine (14:0_16:0),Phosphatidylcholine (14:0_16:0) levels,level of Phosphatidylcholine (14:0_16:0) in blood serum,-,5497,,0,http://ftp.ebi.ac.uk/pub/databases/gwas/summary_statistics/GCST90277001-GCST90278000/GCST90277272,no,yes,Genome-wide genotyping array,37907536,"5,497 Finnish ancestry individuals",NA
Ottensmann L,GCST90277273,2023/10/31,Nat Commun,Genome-wide association analysis of plasma lipidome identifies 495 genetic associations.,Glycerophospholipids (GP),Phosphatidylcholine (14:0_18:1),Phosphatidylcholine (14:0_18:1) levels,level of Phosphatidylcholine (14:0_18:1) in blood serum,-,7064,,4,http://ftp.ebi.ac.uk/pub/databases/gwas/summary_statistics/GCST90277001-GCST90278000/GCST90277273,no,yes,Genome-wide genotyping array,37907536,"7,064 Finnish ancestry individuals",NA
Ottensmann L,GCST90277274,2023/10/31,Nat Commun,Genome-wide association analysis of plasma lipidome identifies 495 genetic associations.,Glycerophospholipids (GP),Phosphatidylcholine (14:0_18:2),Phosphatidylcholine (14:0_18:2) levels,level of Phosphatidylcholine (14:0_18:2) in blood serum,-,6866,,5,http://ftp.ebi.ac.uk/pub/databases/gwas/summary_statistics/GCST90277001-GCST90278000/GCST90277274,no,yes,Genome-wide genotyping array,37907536,"6,866 Finnish ancestry individuals",NA
Ottensmann L,GCST90277275,2023/10/31,Nat Commun,Genome-wide association analysis of plasma lipidome identifies 495 genetic associations.,Glycerophospholipids (GP),Phosphatidylcholine (15:0_18:1),Phosphatidylcholine (15:0_18:1) levels,level of Phosphatidylcholine (15:0_18:1) in blood serum,-,6468,,0,http://ftp.ebi.ac.uk/pub/databases/gwas/summary_statistics/GCST90277001-GCST90278000/GCST90277275,no,yes,Genome-wide genotyping array,37907536,"6,468 Finnish ancestry individuals",NA
Ottensmann L,GCST90277276,2023/10/31,Nat Commun,Genome-wide association analysis of plasma lipidome identifies 495 genetic associations.,Glycerophospholipids (GP),Phosphatidylcholine (15:0_18:2),Phosphatidylcholine (15:0_18:2) levels,level of Phosphatidylcholine (15:0_18:2) in blood serum,-,6639,,6,http://ftp.ebi.ac.uk/pub/databases/gwas/summary_statistics/GCST90277001-GCST90278000/GCST90277276,no,yes,Genome-wide genotyping array,37907536,"6,639 Finnish ancestry individuals",NA
Ottensmann L,GCST90277277,2023/10/31,Nat Commun,Genome-wide association analysis of plasma lipidome identifies 495 genetic associations.,Glycerophospholipids (GP),Phosphatidylcholine (16:0_16:0),Phosphatidylcholine (16:0_16:0) levels,level of Phosphatidylcholine (16:0_16:0) in blood serum,-,7174,,5,http://ftp.ebi.ac.uk/pub/databases/gwas/summary_statistics/GCST90277001-GCST90278000/GCST90277277,no,yes,Genome-wide genotyping array,37907536,"7,174 Finnish ancestry individuals",NA
Ottensmann L,GCST90277278,2023/10/31,Nat Commun,Genome-wide association analysis of plasma lipidome identifies 495 genetic associations.,Glycerophospholipids (GP),Phosphatidylcholine (16:0_16:1),Phosphatidylcholine (16:0_16:1) levels,level of Phosphatidylcholine (16:0_16:1) in blood serum,-,7172,,1,http://ftp.ebi.ac.uk/pub/databases/gwas/summary_statistics/GCST90277001-GCST90278000/GCST90277278,no,yes,Genome-wide genotyping array,37907536,"7,172 Finnish ancestry individuals",NA
Ottensmann L,GCST90277279,2023/10/31,Nat Commun,Genome-wide association analysis of plasma lipidome identifies 495 genetic associations.,Glycerophospholipids (GP),Phosphatidylcholine (16:0_17:1),Phosphatidylcholine (16:0_17:1) levels,level of phosphatidylcholine,-,7076,,0,http://ftp.ebi.ac.uk/pub/databases/gwas/summary_statistics/GCST90277001-GCST90278000/GCST90277279,no,yes,Genome-wide genotyping array,37907536,"7,076 Finnish ancestry individuals",NA
Ottensmann L,GCST90277280,2023/10/31,Nat Commun,Genome-wide association analysis of plasma lipidome identifies 495 genetic associations.,Glycerophospholipids (GP),Phosphatidylcholine (16:0_18:0),Phosphatidylcholine (16:0_18:0) levels,level of Phosphatidylcholine (16:0_18:0) in blood serum,-,7154,,1,http://ftp.ebi.ac.uk/pub/databases/gwas/summary_statistics/GCST90277001-GCST90278000/GCST90277280,no,yes,Genome-wide genotyping array,37907536,"7,154 Finnish ancestry individuals",NA
Ottensmann L,GCST90277281,2023/10/31,Nat Commun,Genome-wide association analysis of plasma lipidome identifies 495 genetic associations.,Glycerophospholipids (GP),Phosphatidylcholine (16:0_18:1),Phosphatidylcholine (16:0_18:1) levels,level of Phosphatidylcholine (16:0_18:1) in blood serum,-,7174,,2,http://ftp.ebi.ac.uk/pub/databases/gwas/summary_statistics/GCST90277001-GCST90278000/GCST90277281,no,yes,Genome-wide genotyping array,37907536,"7,174 Finnish ancestry individuals",NA
Ottensmann L,GCST90277282,2023/10/31,Nat Commun,Genome-wide association analysis of plasma lipidome identifies 495 genetic associations.,Glycerophospholipids (GP),Phosphatidylcholine (16:0_18:2),Phosphatidylcholine (16:0_18:2) levels,level of Phosphatidylcholine (16:0_18:2) in blood serum,-,7174,,6,http://ftp.ebi.ac.uk/pub/databases/gwas/summary_statistics/GCST90277001-GCST90278000/GCST90277282,no,yes,Genome-wide genotyping array,37907536,"7,174 Finnish ancestry individuals",NA
Ottensmann L,GCST90277283,2023/10/31,Nat Commun,Genome-wide association analysis of plasma lipidome identifies 495 genetic associations.,Glycerophospholipids (GP),Phosphatidylcholine (16:0_18:3),Phosphatidylcholine (16:0_18:3) levels,level of Phosphatidylcholine (16:0_18:3) in blood serum,-,7174,,3,http://ftp.ebi.ac.uk/pub/databases/gwas/summary_statistics/GCST90277001-GCST90278000/GCST90277283,no,yes,Genome-wide genotyping array,37907536,"7,174 Finnish ancestry individuals",NA
Ottensmann L,GCST90277284,2023/10/31,Nat Commun,Genome-wide association analysis of plasma lipidome identifies 495 genetic associations.,Glycerophospholipids (GP),Phosphatidylcholine (16:0_20:1),Phosphatidylcholine (16:0_20:1) levels,level of Phosphatidylcholine (16:0_20:1) in blood serum,-,6882,,1,http://ftp.ebi.ac.uk/pub/databases/gwas/summary_statistics/GCST90277001-GCST90278000/GCST90277284,no,yes,Genome-wide genotyping array,37907536,"6,882 Finnish ancestry individuals",NA
Ottensmann L,GCST90277285,2023/10/31,Nat Commun,Genome-wide association analysis of plasma lipidome identifies 495 genetic associations.,Glycerophospholipids (GP),Phosphatidylcholine (16:0_20:2),Phosphatidylcholine (16:0_20:2) levels,level of Phosphatidylcholine (16:0_20:2) in blood serum,-,7135,,5,http://ftp.ebi.ac.uk/pub/databases/gwas/summary_statistics/GCST90277001-GCST90278000/GCST90277285,no,yes,Genome-wide genotyping array,37907536,"7,135 Finnish ancestry individuals",NA
Ottensmann L,GCST90277286,2023/10/31,Nat Commun,Genome-wide association analysis of plasma lipidome identifies 495 genetic associations.,Glycerophospholipids (GP),Phosphatidylcholine (16:0_20:3),Phosphatidylcholine (16:0_20:3) levels,level of Phosphatidylcholine (16:0_20:3) in blood serum,-,7174,,2,http://ftp.ebi.ac.uk/pub/databases/gwas/summary_statistics/GCST90277001-GCST90278000/GCST90277286,no,yes,Genome-wide genotyping array,37907536,"7,174 Finnish ancestry individuals",NA
Ottensmann L,GCST90277287,2023/10/31,Nat Commun,Genome-wide association analysis of plasma lipidome identifies 495 genetic associations.,Glycerophospholipids (GP),Phosphatidylcholine (16:0_20:4),Phosphatidylcholine (16:0_20:4) levels,level of Phosphatidylcholine (16:0_20:4) in blood serum,-,7174,,2,http://ftp.ebi.ac.uk/pub/databases/gwas/summary_statistics/GCST90277001-GCST90278000/GCST90277287,no,yes,Genome-wide genotyping array,37907536,"7,174 Finnish ancestry individuals",NA
Ottensmann L,GCST90277288,2023/10/31,Nat Commun,Genome-wide association analysis of plasma lipidome identifies 495 genetic associations.,Glycerophospholipids (GP),Phosphatidylcholine (16:0_20:5),Phosphatidylcholine (16:0_20:5) levels,level of Phosphatidylcholine (16:0_20:5) in blood serum,-,7173,,1,http://ftp.ebi.ac.uk/pub/databases/gwas/summary_statistics/GCST90277001-GCST90278000/GCST90277288,no,yes,Genome-wide genotyping array,37907536,"7,173 Finnish ancestry individuals",NA
Ottensmann L,GCST90277289,2023/10/31,Nat Commun,Genome-wide association analysis of plasma lipidome identifies 495 genetic associations.,Glycerophospholipids (GP),Phosphatidylcholine (16:0_22:4),Phosphatidylcholine (16:0_22:4) levels,level of Phosphatidylcholine (16:0_22:4) in blood serum,-,6874,,2,http://ftp.ebi.ac.uk/pub/databases/gwas/summary_statistics/GCST90277001-GCST90278000/GCST90277289,no,yes,Genome-wide genotyping array,37907536,"6,874 Finnish ancestry individuals",NA
Ottensmann L,GCST90277290,2023/10/31,Nat Commun,Genome-wide association analysis of plasma lipidome identifies 495 genetic associations.,Glycerophospholipids (GP),Phosphatidylcholine (16:0_22:5),Phosphatidylcholine (16:0_22:5) levels,level of Phosphatidylcholine (16:0_22:5) in blood serum,-,7172,,4,http://ftp.ebi.ac.uk/pub/databases/gwas/summary_statistics/GCST90277001-GCST90278000/GCST90277290,no,yes,Genome-wide genotyping array,37907536,"7,172 Finnish ancestry individuals",NA
Ottensmann L,GCST90277291,2023/10/31,Nat Commun,Genome-wide association analysis of plasma lipidome identifies 495 genetic associations.,Glycerophospholipids (GP),Phosphatidylcholine (16:0_22:6),Phosphatidylcholine (16:0_22:6) levels,level of Phosphatidylcholine (16:0_22:6) in blood serum,-,7170,,1,http://ftp.ebi.ac.uk/pub/databases/gwas/summary_statistics/GCST90277001-GCST90278000/GCST90277291,no,yes,Genome-wide genotyping array,37907536,"7,170 Finnish ancestry individuals",NA
Ottensmann L,GCST90277292,2023/10/31,Nat Commun,Genome-wide association analysis of plasma lipidome identifies 495 genetic associations.,Glycerophospholipids (GP),Phosphatidylcholine (16:1_18:0),Phosphatidylcholine (16:1_18:0) levels,level of Phosphatidylcholine (16:1_18:0) in blood serum,-,6524,,1,http://ftp.ebi.ac.uk/pub/databases/gwas/summary_statistics/GCST90277001-GCST90278000/GCST90277292,no,yes,Genome-wide genotyping array,37907536,"6,524 Finnish ancestry individuals",NA
Ottensmann L,GCST90277293,2023/10/31,Nat Commun,Genome-wide association analysis of plasma lipidome identifies 495 genetic associations.,Glycerophospholipids (GP),Phosphatidylcholine (16:1_18:1),Phosphatidylcholine (16:1_18:1) levels,level of Phosphatidylcholine (16:1_18:1) in blood serum,-,7166,,6,http://ftp.ebi.ac.uk/pub/databases/gwas/summary_statistics/GCST90277001-GCST90278000/GCST90277293,no,yes,Genome-wide genotyping array,37907536,"7,166 Finnish ancestry individuals",NA
Ottensmann L,GCST90277294,2023/10/31,Nat Commun,Genome-wide association analysis of plasma lipidome identifies 495 genetic associations.,Glycerophospholipids (GP),Phosphatidylcholine (16:1_18:2),Phosphatidylcholine (16:1_18:2) levels,level of Phosphatidylcholine (16:1_18:2) in blood serum,-,7165,,7,http://ftp.ebi.ac.uk/pub/databases/gwas/summary_statistics/GCST90277001-GCST90278000/GCST90277294,no,yes,Genome-wide genotyping array,37907536,"7,165 Finnish ancestry individuals",NA
Ottensmann L,GCST90277295,2023/10/31,Nat Commun,Genome-wide association analysis of plasma lipidome identifies 495 genetic associations.,Glycerophospholipids (GP),Phosphatidylcholine (16:1_20:4),Phosphatidylcholine (16:1_20:4) levels,level of Phosphatidylcholine (16:1_20:4) in blood serum,-,5564,,1,http://ftp.ebi.ac.uk/pub/databases/gwas/summary_statistics/GCST90277001-GCST90278000/GCST90277295,no,yes,Genome-wide genotyping array,37907536,"5,564 Finnish ancestry individuals",NA
Ottensmann L,GCST90277296,2023/10/31,Nat Commun,Genome-wide association analysis of plasma lipidome identifies 495 genetic associations.,Glycerophospholipids (GP),Phosphatidylcholine (17:0_18:1),Phosphatidylcholine (17:0_18:1) levels,level of Phosphatidylcholine (17:0_18:1) in blood serum,-,7073,,1,http://ftp.ebi.ac.uk/pub/databases/gwas/summary_statistics/GCST90277001-GCST90278000/GCST90277296,no,yes,Genome-wide genotyping array,37907536,"7,073 Finnish ancestry individuals",NA
Ottensmann L,GCST90277297,2023/10/31,Nat Commun,Genome-wide association analysis of plasma lipidome identifies 495 genetic associations.,Glycerophospholipids (GP),Phosphatidylcholine (17:0_18:2),Phosphatidylcholine (17:0_18:2) levels,level of Phosphatidylcholine (17:0_18:2) in blood serum,-,7170,,3,http://ftp.ebi.ac.uk/pub/databases/gwas/summary_statistics/GCST90277001-GCST90278000/GCST90277297,no,yes,Genome-wide genotyping array,37907536,"7,170 Finnish ancestry individuals",NA
Ottensmann L,GCST90277298,2023/10/31,Nat Commun,Genome-wide association analysis of plasma lipidome identifies 495 genetic associations.,Glycerophospholipids (GP),Phosphatidylcholine (17:0_20:4),Phosphatidylcholine (17:0_20:4) levels,level of Phosphatidylcholine (17:0_20:4) in blood serum,-,7106,,3,http://ftp.ebi.ac.uk/pub/databases/gwas/summary_statistics/GCST90277001-GCST90278000/GCST90277298,no,yes,Genome-wide genotyping array,37907536,"7,106 Finnish ancestry individuals",NA
Ottensmann L,GCST90277299,2023/10/31,Nat Commun,Genome-wide association analysis of plasma lipidome identifies 495 genetic associations.,Glycerophospholipids (GP),Phosphatidylcholine (18:0_18:1),Phosphatidylcholine (18:0_18:1) levels,level of Phosphatidylcholine (18:0_18:1) in blood serum,-,7173,,2,http://ftp.ebi.ac.uk/pub/databases/gwas/summary_statistics/GCST90277001-GCST90278000/GCST90277299,no,yes,Genome-wide genotyping array,37907536,"7,173 Finnish ancestry individuals",NA
Ottensmann L,GCST90277300,2023/10/31,Nat Commun,Genome-wide association analysis of plasma lipidome identifies 495 genetic associations.,Glycerophospholipids (GP),Phosphatidylcholine (18:0_18:2),Phosphatidylcholine (18:0_18:2) levels,level of Phosphatidylcholine (18:0_18:2) in blood serum,-,7174,,5,http://ftp.ebi.ac.uk/pub/databases/gwas/summary_statistics/GCST90277001-GCST90278000/GCST90277300,no,yes,Genome-wide genotyping array,37907536,"7,174 Finnish ancestry individuals",NA
Ottensmann L,GCST90277301,2023/10/31,Nat Commun,Genome-wide association analysis of plasma lipidome identifies 495 genetic associations.,Glycerophospholipids (GP),Phosphatidylcholine (18:0_18:3),Phosphatidylcholine (18:0_18:3) levels,level of Phosphatidylcholine (18:0_18:3) in blood serum,-,6692,,1,http://ftp.ebi.ac.uk/pub/databases/gwas/summary_statistics/GCST90277001-GCST90278000/GCST90277301,no,yes,Genome-wide genotyping array,37907536,"6,692 Finnish ancestry individuals",NA
Ottensmann L,GCST90277302,2023/10/31,Nat Commun,Genome-wide association analysis of plasma lipidome identifies 495 genetic associations.,Glycerophospholipids (GP),Phosphatidylcholine (18:0_20:2),Phosphatidylcholine (18:0_20:2) levels,level of Phosphatidylcholine (18:0_20:2) in blood serum,-,5778,,1,http://ftp.ebi.ac.uk/pub/databases/gwas/summary_statistics/GCST90277001-GCST90278000/GCST90277302,no,yes,Genome-wide genotyping array,37907536,"5,778 Finnish ancestry individuals",NA
Ottensmann L,GCST90277303,2023/10/31,Nat Commun,Genome-wide association analysis of plasma lipidome identifies 495 genetic associations.,Glycerophospholipids (GP),Phosphatidylcholine (18:0_20:3),Phosphatidylcholine (18:0_20:3) levels,level of Phosphatidylcholine (18:0_20:3) in blood serum,-,7169,,3,http://ftp.ebi.ac.uk/pub/databases/gwas/summary_statistics/GCST90277001-GCST90278000/GCST90277303,no,yes,Genome-wide genotyping array,37907536,"7,169 Finnish ancestry individuals",NA
Ottensmann L,GCST90277304,2023/10/31,Nat Commun,Genome-wide association analysis of plasma lipidome identifies 495 genetic associations.,Glycerophospholipids (GP),Phosphatidylcholine (18:0_20:4),Phosphatidylcholine (18:0_20:4) levels,level of Phosphatidylcholine (18:0_20:4) in blood serum,-,7174,,4,http://ftp.ebi.ac.uk/pub/databases/gwas/summary_statistics/GCST90277001-GCST90278000/GCST90277304,no,yes,Genome-wide genotyping array,37907536,"7,174 Finnish ancestry individuals",NA
Ottensmann L,GCST90277305,2023/10/31,Nat Commun,Genome-wide association analysis of plasma lipidome identifies 495 genetic associations.,Glycerophospholipids (GP),Phosphatidylcholine (18:0_20:5),Phosphatidylcholine (18:0_20:5) levels,level of Phosphatidylcholine (18:0_20:5) in blood serum,-,7121,,1,http://ftp.ebi.ac.uk/pub/databases/gwas/summary_statistics/GCST90277001-GCST90278000/GCST90277305,no,yes,Genome-wide genotyping array,37907536,"7,121 Finnish ancestry individuals",NA
Ottensmann L,GCST90277306,2023/10/31,Nat Commun,Genome-wide association analysis of plasma lipidome identifies 495 genetic associations.,Glycerophospholipids (GP),Phosphatidylcholine (18:0_22:5),Phosphatidylcholine (18:0_22:5) levels,level of Phosphatidylcholine (18:0_22:5) in blood serum,-,6805,,3,http://ftp.ebi.ac.uk/pub/databases/gwas/summary_statistics/GCST90277001-GCST90278000/GCST90277306,no,yes,Genome-wide genotyping array,37907536,"6,805 Finnish ancestry individuals",NA
Ottensmann L,GCST90277307,2023/10/31,Nat Commun,Genome-wide association analysis of plasma lipidome identifies 495 genetic associations.,Glycerophospholipids (GP),Phosphatidylcholine (18:0_22:6),Phosphatidylcholine (18:0_22:6) levels,level of Phosphatidylcholine (18:0_22:6) in blood serum,-,7004,,2,http://ftp.ebi.ac.uk/pub/databases/gwas/summary_statistics/GCST90277001-GCST90278000/GCST90277307,no,yes,Genome-wide genotyping array,37907536,"7,004 Finnish ancestry individuals",NA
Ottensmann L,GCST90277308,2023/10/31,Nat Commun,Genome-wide association analysis of plasma lipidome identifies 495 genetic associations.,Glycerophospholipids (GP),Phosphatidylcholine (18:1_18:1),Phosphatidylcholine (18:1_18:1) levels,level of Phosphatidylcholine (18:1_18:1) in blood serum,-,7174,,5,http://ftp.ebi.ac.uk/pub/databases/gwas/summary_statistics/GCST90277001-GCST90278000/GCST90277308,no,yes,Genome-wide genotyping array,37907536,"7,174 Finnish ancestry individuals",NA
Ottensmann L,GCST90277309,2023/10/31,Nat Commun,Genome-wide association analysis of plasma lipidome identifies 495 genetic associations.,Glycerophospholipids (GP),Phosphatidylcholine (18:1_18:2),Phosphatidylcholine (18:1_18:2) levels,level of Phosphatidylcholine (18:1_18:2) in blood serum,-,7174,,4,http://ftp.ebi.ac.uk/pub/databases/gwas/summary_statistics/GCST90277001-GCST90278000/GCST90277309,no,yes,Genome-wide genotyping array,37907536,"7,174 Finnish ancestry individuals",NA
Ottensmann L,GCST90277310,2023/10/31,Nat Commun,Genome-wide association analysis of plasma lipidome identifies 495 genetic associations.,Glycerophospholipids (GP),Phosphatidylcholine (18:1_18:3),Phosphatidylcholine (18:1_18:3) levels,level of Phosphatidylcholine (18:1_18:3) in blood serum,-,6339,,0,http://ftp.ebi.ac.uk/pub/databases/gwas/summary_statistics/GCST90277001-GCST90278000/GCST90277310,no,yes,Genome-wide genotyping array,37907536,"6,339 Finnish ancestry individuals",NA
Ottensmann L,GCST90277311,2023/10/31,Nat Commun,Genome-wide association analysis of plasma lipidome identifies 495 genetic associations.,Glycerophospholipids (GP),Phosphatidylcholine (18:1_20:2),Phosphatidylcholine (18:1_20:2) levels,level of Phosphatidylcholine (18:1_20:2) in blood serum,-,5852,,2,http://ftp.ebi.ac.uk/pub/databases/gwas/summary_statistics/GCST90277001-GCST90278000/GCST90277311,no,yes,Genome-wide genotyping array,37907536,"5,852 Finnish ancestry individuals",NA
Ottensmann L,GCST90277312,2023/10/31,Nat Commun,Genome-wide association analysis of plasma lipidome identifies 495 genetic associations.,Glycerophospholipids (GP),Phosphatidylcholine (18:1_20:3),Phosphatidylcholine (18:1_20:3) levels,level of Phosphatidylcholine (18:1_20:3) in blood serum,-,7171,,4,http://ftp.ebi.ac.uk/pub/databases/gwas/summary_statistics/GCST90277001-GCST90278000/GCST90277312,no,yes,Genome-wide genotyping array,37907536,"7,171 Finnish ancestry individuals",NA
Ottensmann L,GCST90277313,2023/10/31,Nat Commun,Genome-wide association analysis of plasma lipidome identifies 495 genetic associations.,Glycerophospholipids (GP),Phosphatidylcholine (18:1_20:4),Phosphatidylcholine (18:1_20:4) levels,level of Phosphatidylcholine (18:1_20:4) in blood serum,-,7173,,4,http://ftp.ebi.ac.uk/pub/databases/gwas/summary_statistics/GCST90277001-GCST90278000/GCST90277313,no,yes,Genome-wide genotyping array,37907536,"7,173 Finnish ancestry individuals",NA
Ottensmann L,GCST90277314,2023/10/31,Nat Commun,Genome-wide association analysis of plasma lipidome identifies 495 genetic associations.,Glycerophospholipids (GP),Phosphatidylcholine (18:2_18:2),Phosphatidylcholine (18:2_18:2) levels,level of Phosphatidylcholine (18:2_18:2) in blood serum,-,7174,,2,http://ftp.ebi.ac.uk/pub/databases/gwas/summary_statistics/GCST90277001-GCST90278000/GCST90277314,no,yes,Genome-wide genotyping array,37907536,"7,174 Finnish ancestry individuals",NA
Ottensmann L,GCST90277315,2023/10/31,Nat Commun,Genome-wide association analysis of plasma lipidome identifies 495 genetic associations.,Glycerophospholipids (GP),Phosphatidylcholine (18:2_20:1),Phosphatidylcholine (18:2_20:1) levels,level of Phosphatidylcholine (18:2_20:1) in blood serum,-,5521,,1,http://ftp.ebi.ac.uk/pub/databases/gwas/summary_statistics/GCST90277001-GCST90278000/GCST90277315,no,yes,Genome-wide genotyping array,37907536,"5,521 Finnish ancestry individuals",NA
Ottensmann L,GCST90277316,2023/10/31,Nat Commun,Genome-wide association analysis of plasma lipidome identifies 495 genetic associations.,Glycerophospholipids (GP),Phosphatidylcholine (18:2_20:3),Phosphatidylcholine (18:2_20:3) levels,level of Phosphatidylcholine (18:2_20:3) in blood serum,-,6615,,2,http://ftp.ebi.ac.uk/pub/databases/gwas/summary_statistics/GCST90277001-GCST90278000/GCST90277316,no,yes,Genome-wide genotyping array,37907536,"6,615 Finnish ancestry individuals",NA
Ottensmann L,GCST90277317,2023/10/31,Nat Commun,Genome-wide association analysis of plasma lipidome identifies 495 genetic associations.,Glycerophospholipids (GP),Phosphatidylcholine (18:2_20:4),Phosphatidylcholine (18:2_20:4) levels,level of Phosphatidylcholine (18:2_20:4) in blood serum,-,7049,,5,http://ftp.ebi.ac.uk/pub/databases/gwas/summary_statistics/GCST90277001-GCST90278000/GCST90277317,no,yes,Genome-wide genotyping array,37907536,"7,049 Finnish ancestry individuals",NA
Ottensmann L,GCST90277318,2023/10/31,Nat Commun,Genome-wide association analysis of plasma lipidome identifies 495 genetic associations.,Glycerophospholipids (GP),Phosphatidylcholine (O-16:0_16:0),Phosphatidylcholine (O-16:0_16:0) levels,level of Phosphatidylcholine (O-16:0_16:0) in blood serum,-,6605,,0,http://ftp.ebi.ac.uk/pub/databases/gwas/summary_statistics/GCST90277001-GCST90278000/GCST90277318,no,yes,Genome-wide genotyping array,37907536,"6,605 Finnish ancestry individuals",NA
Ottensmann L,GCST90277319,2023/10/31,Nat Commun,Genome-wide association analysis of plasma lipidome identifies 495 genetic associations.,Glycerophospholipids (GP),Phosphatidylcholine (O-16:0_16:1),Phosphatidylcholine (O-16:0_16:1) levels,level of Phosphatidylcholine (O-16:0_16:1) in blood serum,-,5658,,2,http://ftp.ebi.ac.uk/pub/databases/gwas/summary_statistics/GCST90277001-GCST90278000/GCST90277319,no,yes,Genome-wide genotyping array,37907536,"5,658 Finnish ancestry individuals",NA
Ottensmann L,GCST90277320,2023/10/31,Nat Commun,Genome-wide association analysis of plasma lipidome identifies 495 genetic associations.,Glycerophospholipids (GP),Phosphatidylcholine (O-16:0_18:1),Phosphatidylcholine (O-16:0_18:1) levels,level of Phosphatidylcholine (O-16:0_18:1) in blood serum,-,6956,,2,http://ftp.ebi.ac.uk/pub/databases/gwas/summary_statistics/GCST90277001-GCST90278000/GCST90277320,no,yes,Genome-wide genotyping array,37907536,"6,956 Finnish ancestry individuals",NA
Ottensmann L,GCST90277321,2023/10/31,Nat Commun,Genome-wide association analysis of plasma lipidome identifies 495 genetic associations.,Glycerophospholipids (GP),Phosphatidylcholine (O-16:0_18:2),Phosphatidylcholine (O-16:0_18:2) levels,level of Phosphatidylcholine (O-16:0_18:2) in blood serum,-,7158,,2,http://ftp.ebi.ac.uk/pub/databases/gwas/summary_statistics/GCST90277001-GCST90278000/GCST90277321,no,yes,Genome-wide genotyping array,37907536,"7,158 Finnish ancestry individuals",NA
Ottensmann L,GCST90277322,2023/10/31,Nat Commun,Genome-wide association analysis of plasma lipidome identifies 495 genetic associations.,Glycerophospholipids (GP),Phosphatidylcholine (O-16:0_20:3),Phosphatidylcholine (O-16:0_20:3) levels,level of Phosphatidylcholine (O-16:0_20:3) in blood serum,-,6709,,3,http://ftp.ebi.ac.uk/pub/databases/gwas/summary_statistics/GCST90277001-GCST90278000/GCST90277322,no,yes,Genome-wide genotyping array,37907536,"6,709 Finnish ancestry individuals",NA
Ottensmann L,GCST90277323,2023/10/31,Nat Commun,Genome-wide association analysis of plasma lipidome identifies 495 genetic associations.,Glycerophospholipids (GP),Phosphatidylcholine (O-16:0_20:4),Phosphatidylcholine (O-16:0_20:4) levels,level of Phosphatidylcholine (O-16:0_20:4) in blood serum,-,7174,,2,http://ftp.ebi.ac.uk/pub/databases/gwas/summary_statistics/GCST90277001-GCST90278000/GCST90277323,no,yes,Genome-wide genotyping array,37907536,"7,174 Finnish ancestry individuals",NA
Ottensmann L,GCST90277324,2023/10/31,Nat Commun,Genome-wide association analysis of plasma lipidome identifies 495 genetic associations.,Glycerophospholipids (GP),Phosphatidylcholine (O-16:0_22:5),Phosphatidylcholine (O-16:0_22:5) levels,level of Phosphatidylcholine (O-16:0_22:5) in blood serum,-,5988,,1,http://ftp.ebi.ac.uk/pub/databases/gwas/summary_statistics/GCST90277001-GCST90278000/GCST90277324,no,yes,Genome-wide genotyping array,37907536,"5,988 Finnish ancestry individuals",NA
Ottensmann L,GCST90277325,2023/10/31,Nat Commun,Genome-wide association analysis of plasma lipidome identifies 495 genetic associations.,Glycerophospholipids (GP),Phosphatidylcholine (O-16:1_16:0),Phosphatidylcholine (O-16:1_16:0) levels,level of Phosphatidylcholine (O-16:1_16:0) in blood serum,-,5868,,1,http://ftp.ebi.ac.uk/pub/databases/gwas/summary_statistics/GCST90277001-GCST90278000/GCST90277325,no,yes,Genome-wide genotyping array,37907536,"5,868 Finnish ancestry individuals",NA
Ottensmann L,GCST90277326,2023/10/31,Nat Commun,Genome-wide association analysis of plasma lipidome identifies 495 genetic associations.,Glycerophospholipids (GP),Phosphatidylcholine (O-16:1_18:0),Phosphatidylcholine (O-16:1_18:0) levels,level of Phosphatidylcholine (O-16:1_18:0) in blood serum,-,6751,,0,http://ftp.ebi.ac.uk/pub/databases/gwas/summary_statistics/GCST90277001-GCST90278000/GCST90277326,no,yes,Genome-wide genotyping array,37907536,"6,751 Finnish ancestry individuals",NA
Ottensmann L,GCST90277327,2023/10/31,Nat Commun,Genome-wide association analysis of plasma lipidome identifies 495 genetic associations.,Glycerophospholipids (GP),Phosphatidylcholine (O-16:1_18:1),Phosphatidylcholine (O-16:1_18:1) levels,level of Phosphatidylcholine (O-16:1_18:1) in blood serum,-,7154,,3,http://ftp.ebi.ac.uk/pub/databases/gwas/summary_statistics/GCST90277001-GCST90278000/GCST90277327,no,yes,Genome-wide genotyping array,37907536,"7,154 Finnish ancestry individuals",NA
Ottensmann L,GCST90277328,2023/10/31,Nat Commun,Genome-wide association analysis of plasma lipidome identifies 495 genetic associations.,Glycerophospholipids (GP),Phosphatidylcholine (O-16:1_18:2),Phosphatidylcholine (O-16:1_18:2) levels,level of Phosphatidylcholine (O-16:1_18:2) in blood serum,-,7096,,2,http://ftp.ebi.ac.uk/pub/databases/gwas/summary_statistics/GCST90277001-GCST90278000/GCST90277328,no,yes,Genome-wide genotyping array,37907536,"7,096 Finnish ancestry individuals",NA
Ottensmann L,GCST90277329,2023/10/31,Nat Commun,Genome-wide association analysis of plasma lipidome identifies 495 genetic associations.,Glycerophospholipids (GP),Phosphatidylcholine (O-16:1_20:3),Phosphatidylcholine (O-16:1_20:3) levels,level of Phosphatidylcholine (O-16:1_20:3) in blood serum,-,6770,,3,http://ftp.ebi.ac.uk/pub/databases/gwas/summary_statistics/GCST90277001-GCST90278000/GCST90277329,no,yes,Genome-wide genotyping array,37907536,"6,770 Finnish ancestry individuals",NA
Ottensmann L,GCST90277330,2023/10/31,Nat Commun,Genome-wide association analysis of plasma lipidome identifies 495 genetic associations.,Glycerophospholipids (GP),Phosphatidylcholine (O-16:1_20:4),Phosphatidylcholine (O-16:1_20:4) levels,level of Phosphatidylcholine (O-16:1_20:4) in blood serum,-,6025,,3,http://ftp.ebi.ac.uk/pub/databases/gwas/summary_statistics/GCST90277001-GCST90278000/GCST90277330,no,yes,Genome-wide genotyping array,37907536,"6,025 Finnish ancestry individuals",NA
Ottensmann L,GCST90277331,2023/10/31,Nat Commun,Genome-wide association analysis of plasma lipidome identifies 495 genetic associations.,Glycerophospholipids (GP),Phosphatidylcholine (O-16:2_18:0),Phosphatidylcholine (O-16:2_18:0) levels,level of phosphatidylcholine,-,6672,,1,http://ftp.ebi.ac.uk/pub/databases/gwas/summary_statistics/GCST90277001-GCST90278000/GCST90277331,no,yes,Genome-wide genotyping array,37907536,"6,672 Finnish ancestry individuals",NA
Ottensmann L,GCST90277332,2023/10/31,Nat Commun,Genome-wide association analysis of plasma lipidome identifies 495 genetic associations.,Glycerophospholipids (GP),Phosphatidylcholine (O-17:0_15:0),Phosphatidylcholine (O-17:0_15:0) levels,level of Phosphatidylcholine (O-17:0_15:0) in blood serum,-,6140,,0,http://ftp.ebi.ac.uk/pub/databases/gwas/summary_statistics/GCST90277001-GCST90278000/GCST90277332,no,yes,Genome-wide genotyping array,37907536,"6,140 Finnish ancestry individuals",NA
Ottensmann L,GCST90277333,2023/10/31,Nat Commun,Genome-wide association analysis of plasma lipidome identifies 495 genetic associations.,Glycerophospholipids (GP),Phosphatidylcholine (O-17:0_17:1),Phosphatidylcholine (O-17:0_17:1) levels,level of phosphatidylcholine,-,6880,,1,http://ftp.ebi.ac.uk/pub/databases/gwas/summary_statistics/GCST90277001-GCST90278000/GCST90277333,no,yes,Genome-wide genotyping array,37907536,"6,880 Finnish ancestry individuals",NA
Ottensmann L,GCST90277334,2023/10/31,Nat Commun,Genome-wide association analysis of plasma lipidome identifies 495 genetic associations.,Glycerophospholipids (GP),Phosphatidylcholine (O-18:0_14:0),Phosphatidylcholine (O-18:0_14:0) levels,level of Phosphatidylcholine (O-18:0_14:0) in blood serum,-,6462,,0,http://ftp.ebi.ac.uk/pub/databases/gwas/summary_statistics/GCST90277001-GCST90278000/GCST90277334,no,yes,Genome-wide genotyping array,37907536,"6,462 Finnish ancestry individuals",NA
Ottensmann L,GCST90277335,2023/10/31,Nat Commun,Genome-wide association analysis of plasma lipidome identifies 495 genetic associations.,Glycerophospholipids (GP),Phosphatidylcholine (O-18:0_16:1),Phosphatidylcholine (O-18:0_16:1) levels,level of Phosphatidylcholine (O-18:0_16:1) in blood serum,-,5959,,1,http://ftp.ebi.ac.uk/pub/databases/gwas/summary_statistics/GCST90277001-GCST90278000/GCST90277335,no,yes,Genome-wide genotyping array,37907536,"5,959 Finnish ancestry individuals",NA
Ottensmann L,GCST90277336,2023/10/31,Nat Commun,Genome-wide association analysis of plasma lipidome identifies 495 genetic associations.,Glycerophospholipids (GP),Phosphatidylcholine (O-18:0_20:4),Phosphatidylcholine (O-18:0_20:4) levels,level of Phosphatidylcholine (O-18:0_20:4) in blood serum,-,6956,,1,http://ftp.ebi.ac.uk/pub/databases/gwas/summary_statistics/GCST90277001-GCST90278000/GCST90277336,no,yes,Genome-wide genotyping array,37907536,"6,956 Finnish ancestry individuals",NA
Ottensmann L,GCST90277337,2023/10/31,Nat Commun,Genome-wide association analysis of plasma lipidome identifies 495 genetic associations.,Glycerophospholipids (GP),Phosphatidylcholine (O-18:1_16:0),Phosphatidylcholine (O-18:1_16:0) levels,level of Phosphatidylcholine (O-18:1_16:0) in blood serum,-,6956,,2,http://ftp.ebi.ac.uk/pub/databases/gwas/summary_statistics/GCST90277001-GCST90278000/GCST90277337,no,yes,Genome-wide genotyping array,37907536,"6,956 Finnish ancestry individuals",NA
Ottensmann L,GCST90277338,2023/10/31,Nat Commun,Genome-wide association analysis of plasma lipidome identifies 495 genetic associations.,Glycerophospholipids (GP),Phosphatidylcholine (O-18:1_18:2),Phosphatidylcholine (O-18:1_18:2) levels,level of Phosphatidylcholine (O-18:1_18:2) in blood serum,-,6718,,1,http://ftp.ebi.ac.uk/pub/databases/gwas/summary_statistics/GCST90277001-GCST90278000/GCST90277338,no,yes,Genome-wide genotyping array,37907536,"6,718 Finnish ancestry individuals",NA
Ottensmann L,GCST90277339,2023/10/31,Nat Commun,Genome-wide association analysis of plasma lipidome identifies 495 genetic associations.,Glycerophospholipids (GP),Phosphatidylcholine (O-18:1_20:3),Phosphatidylcholine (O-18:1_20:3) levels,level of Phosphatidylcholine (O-18:1_20:3) in blood serum,-,6836,,2,http://ftp.ebi.ac.uk/pub/databases/gwas/summary_statistics/GCST90277001-GCST90278000/GCST90277339,no,yes,Genome-wide genotyping array,37907536,"6,836 Finnish ancestry individuals",NA
Ottensmann L,GCST90277340,2023/10/31,Nat Commun,Genome-wide association analysis of plasma lipidome identifies 495 genetic associations.,Glycerophospholipids (GP),Phosphatidylcholine (O-18:1_20:4),Phosphatidylcholine (O-18:1_20:4) levels,level of Phosphatidylcholine (O-18:1_20:4) in blood serum,-,7173,,4,http://ftp.ebi.ac.uk/pub/databases/gwas/summary_statistics/GCST90277001-GCST90278000/GCST90277340,no,yes,Genome-wide genotyping array,37907536,"7,173 Finnish ancestry individuals",NA
Ottensmann L,GCST90277341,2023/10/31,Nat Commun,Genome-wide association analysis of plasma lipidome identifies 495 genetic associations.,Glycerophospholipids (GP),Phosphatidylcholine (O-18:2_16:0),Phosphatidylcholine (O-18:2_16:0) levels,level of Phosphatidylcholine (O-18:2_16:0) in blood serum,-,7158,,3,http://ftp.ebi.ac.uk/pub/databases/gwas/summary_statistics/GCST90277001-GCST90278000/GCST90277341,no,yes,Genome-wide genotyping array,37907536,"7,158 Finnish ancestry individuals",NA
Ottensmann L,GCST90277342,2023/10/31,Nat Commun,Genome-wide association analysis of plasma lipidome identifies 495 genetic associations.,Glycerophospholipids (GP),Phosphatidylcholine (O-18:2_18:1),Phosphatidylcholine (O-18:2_18:1) levels,level of Phosphatidylcholine (O-18:2_18:1) in blood serum,-,6677,,1,http://ftp.ebi.ac.uk/pub/databases/gwas/summary_statistics/GCST90277001-GCST90278000/GCST90277342,no,yes,Genome-wide genotyping array,37907536,"6,677 Finnish ancestry individuals",NA
Ottensmann L,GCST90277343,2023/10/31,Nat Commun,Genome-wide association analysis of plasma lipidome identifies 495 genetic associations.,Glycerophospholipids (GP),Phosphatidylcholine (O-18:2_18:2),Phosphatidylcholine (O-18:2_18:2) levels,level of Phosphatidylcholine (O-18:2_18:2) in blood serum,-,7153,,2,http://ftp.ebi.ac.uk/pub/databases/gwas/summary_statistics/GCST90277001-GCST90278000/GCST90277343,no,yes,Genome-wide genotyping array,37907536,"7,153 Finnish ancestry individuals",NA
Ottensmann L,GCST90277344,2023/10/31,Nat Commun,Genome-wide association analysis of plasma lipidome identifies 495 genetic associations.,Glycerophospholipids (GP),Phosphatidylcholine (O-18:2_20:4),Phosphatidylcholine (O-18:2_20:4) levels,level of Phosphatidylcholine (O-18:2_20:4) in blood serum,-,6127,,2,http://ftp.ebi.ac.uk/pub/databases/gwas/summary_statistics/GCST90277001-GCST90278000/GCST90277344,no,yes,Genome-wide genotyping array,37907536,"6,127 Finnish ancestry individuals",NA
Ottensmann L,GCST90277345,2023/10/31,Nat Commun,Genome-wide association analysis of plasma lipidome identifies 495 genetic associations.,Glycerophospholipids (GP),Phosphatidylethanolamine (16:0_18:2),Phosphatidylethanolamine (16:0_18:2) levels,level of Phosphatidylethanolamine (16:0_18:2) in blood serum,-,5462,,5,http://ftp.ebi.ac.uk/pub/databases/gwas/summary_statistics/GCST90277001-GCST90278000/GCST90277345,no,yes,Genome-wide genotyping array,37907536,"5,462 Finnish ancestry individuals",NA
Ottensmann L,GCST90277346,2023/10/31,Nat Commun,Genome-wide association analysis of plasma lipidome identifies 495 genetic associations.,Glycerophospholipids (GP),Phosphatidylethanolamine (16:0_20:4),Phosphatidylethanolamine (16:0_20:4) levels,level of Phosphatidylethanolamine (16:0_20:4) in blood serum,-,6666,,1,http://ftp.ebi.ac.uk/pub/databases/gwas/summary_statistics/GCST90277001-GCST90278000/GCST90277346,no,yes,Genome-wide genotyping array,37907536,"6,666 Finnish ancestry individuals",NA
Ottensmann L,GCST90277347,2023/10/31,Nat Commun,Genome-wide association analysis of plasma lipidome identifies 495 genetic associations.,Glycerophospholipids (GP),Phosphatidylethanolamine (18:0_18:2),Phosphatidylethanolamine (18:0_18:2) levels,level of Phosphatidylethanolamine (18:0_18:2) in blood serum,-,7128,,6,http://ftp.ebi.ac.uk/pub/databases/gwas/summary_statistics/GCST90277001-GCST90278000/GCST90277347,no,yes,Genome-wide genotyping array,37907536,"7,128 Finnish ancestry individuals",NA
Ottensmann L,GCST90277348,2023/10/31,Nat Commun,Genome-wide association analysis of plasma lipidome identifies 495 genetic associations.,Glycerophospholipids (GP),Phosphatidylethanolamine (18:0_20:4),Phosphatidylethanolamine (18:0_20:4) levels,level of Phosphatidylethanolamine (18:0_20:4) in blood serum,-,7164,,3,http://ftp.ebi.ac.uk/pub/databases/gwas/summary_statistics/GCST90277001-GCST90278000/GCST90277348,no,yes,Genome-wide genotyping array,37907536,"7,164 Finnish ancestry individuals",NA
Ottensmann L,GCST90277349,2023/10/31,Nat Commun,Genome-wide association analysis of plasma lipidome identifies 495 genetic associations.,Glycerophospholipids (GP),Phosphatidylethanolamine (18:1_18:1),Phosphatidylethanolamine (18:1_18:1) levels,level of Phosphatidylethanolamine (18:1_18:1) in blood serum,-,7045,,4,http://ftp.ebi.ac.uk/pub/databases/gwas/summary_statistics/GCST90277001-GCST90278000/GCST90277349,no,yes,Genome-wide genotyping array,37907536,"7,045 Finnish ancestry individuals",NA
Ottensmann L,GCST90277350,2023/10/31,Nat Commun,Genome-wide association analysis of plasma lipidome identifies 495 genetic associations.,Glycerophospholipids (GP),Phosphatidylethanolamine (O-16:1_18:2),Phosphatidylethanolamine (O-16:1_18:2) levels,level of Phosphatidylethanolamine (O-16:1_18:2) in blood serum,-,5430,,1,http://ftp.ebi.ac.uk/pub/databases/gwas/summary_statistics/GCST90277001-GCST90278000/GCST90277350,no,yes,Genome-wide genotyping array,37907536,"5,430 Finnish ancestry individuals",NA
Ottensmann L,GCST90277351,2023/10/31,Nat Commun,Genome-wide association analysis of plasma lipidome identifies 495 genetic associations.,Glycerophospholipids (GP),Phosphatidylethanolamine (O-16:1_20:4),Phosphatidylethanolamine (O-16:1_20:4) levels,level of Phosphatidylethanolamine (O-16:1_20:4) in blood serum,-,7169,,2,http://ftp.ebi.ac.uk/pub/databases/gwas/summary_statistics/GCST90277001-GCST90278000/GCST90277351,no,yes,Genome-wide genotyping array,37907536,"7,169 Finnish ancestry individuals",NA
Ottensmann L,GCST90277352,2023/10/31,Nat Commun,Genome-wide association analysis of plasma lipidome identifies 495 genetic associations.,Glycerophospholipids (GP),Phosphatidylethanolamine (O-16:1_22:5),Phosphatidylethanolamine (O-16:1_22:5) levels,level of Phosphatidylethanolamine (O-16:1_22:5) in blood serum,-,5609,,0,http://ftp.ebi.ac.uk/pub/databases/gwas/summary_statistics/GCST90277001-GCST90278000/GCST90277352,no,yes,Genome-wide genotyping array,37907536,"5,609 Finnish ancestry individuals",NA
Ottensmann L,GCST90277353,2023/10/31,Nat Commun,Genome-wide association analysis of plasma lipidome identifies 495 genetic associations.,Glycerophospholipids (GP),Phosphatidylethanolamine (O-18:1_18:2),Phosphatidylethanolamine (O-18:1_18:2) levels,level of Phosphatidylethanolamine (O-18:1_18:2) in blood serum,-,6870,,1,http://ftp.ebi.ac.uk/pub/databases/gwas/summary_statistics/GCST90277001-GCST90278000/GCST90277353,no,yes,Genome-wide genotyping array,37907536,"6,870 Finnish ancestry individuals",NA
Ottensmann L,GCST90277354,2023/10/31,Nat Commun,Genome-wide association analysis of plasma lipidome identifies 495 genetic associations.,Glycerophospholipids (GP),Phosphatidylethanolamine (O-18:1_20:4),Phosphatidylethanolamine (O-18:1_20:4) levels,level of Phosphatidylethanolamine (O-18:1_20:4) in blood serum,-,7172,,2,http://ftp.ebi.ac.uk/pub/databases/gwas/summary_statistics/GCST90277001-GCST90278000/GCST90277354,no,yes,Genome-wide genotyping array,37907536,"7,172 Finnish ancestry individuals",NA
Ottensmann L,GCST90277355,2023/10/31,Nat Commun,Genome-wide association analysis of plasma lipidome identifies 495 genetic associations.,Glycerophospholipids (GP),Phosphatidylethanolamine (O-18:2_18:1),Phosphatidylethanolamine (O-18:2_18:1) levels,level of Phosphatidylethanolamine (O-18:2_18:1) in blood serum,-,6717,,0,http://ftp.ebi.ac.uk/pub/databases/gwas/summary_statistics/GCST90277001-GCST90278000/GCST90277355,no,yes,Genome-wide genotyping array,37907536,"6,717 Finnish ancestry individuals",NA
Ottensmann L,GCST90277356,2023/10/31,Nat Commun,Genome-wide association analysis of plasma lipidome identifies 495 genetic associations.,Glycerophospholipids (GP),Phosphatidylethanolamine (O-18:2_18:2),Phosphatidylethanolamine (O-18:2_18:2) levels,level of Phosphatidylethanolamine (O-18:2_18:2) in blood serum,-,6337,,1,http://ftp.ebi.ac.uk/pub/databases/gwas/summary_statistics/GCST90277001-GCST90278000/GCST90277356,no,yes,Genome-wide genotyping array,37907536,"6,337 Finnish ancestry individuals",NA
Ottensmann L,GCST90277357,2023/10/31,Nat Commun,Genome-wide association analysis of plasma lipidome identifies 495 genetic associations.,Glycerophospholipids (GP),Phosphatidylethanolamine (O-18:2_20:4),Phosphatidylethanolamine (O-18:2_20:4) levels,level of Phosphatidylethanolamine (O-18:2_20:4) in blood serum,-,7154,,2,http://ftp.ebi.ac.uk/pub/databases/gwas/summary_statistics/GCST90277001-GCST90278000/GCST90277357,no,yes,Genome-wide genotyping array,37907536,"7,154 Finnish ancestry individuals",NA
Ottensmann L,GCST90277358,2023/10/31,Nat Commun,Genome-wide association analysis of plasma lipidome identifies 495 genetic associations.,Glycerophospholipids (GP),Phosphatidylinositol (16:0_18:1),Phosphatidylinositol (16:0_18:1) levels,level of Phosphatidylinositol (16:0_18:1) in blood serum,-,7157,,2,http://ftp.ebi.ac.uk/pub/databases/gwas/summary_statistics/GCST90277001-GCST90278000/GCST90277358,no,yes,Genome-wide genotyping array,37907536,"7,157 Finnish ancestry individuals",NA
Ottensmann L,GCST90277359,2023/10/31,Nat Commun,Genome-wide association analysis of plasma lipidome identifies 495 genetic associations.,Glycerophospholipids (GP),Phosphatidylinositol (16:0_18:2),Phosphatidylinositol (16:0_18:2) levels,level of Phosphatidylinositol (16:0_18:2) in blood serum,-,6998,,4,http://ftp.ebi.ac.uk/pub/databases/gwas/summary_statistics/GCST90277001-GCST90278000/GCST90277359,no,yes,Genome-wide genotyping array,37907536,"6,998 Finnish ancestry individuals",NA
Ottensmann L,GCST90277360,2023/10/31,Nat Commun,Genome-wide association analysis of plasma lipidome identifies 495 genetic associations.,Glycerophospholipids (GP),Phosphatidylinositol (16:0_20:4),Phosphatidylinositol (16:0_20:4) levels,level of Phosphatidylinositol (16:0_20:4) in blood serum,-,5519,,3,http://ftp.ebi.ac.uk/pub/databases/gwas/summary_statistics/GCST90277001-GCST90278000/GCST90277360,no,yes,Genome-wide genotyping array,37907536,"5,519 Finnish ancestry individuals",NA
Ottensmann L,GCST90277361,2023/10/31,Nat Commun,Genome-wide association analysis of plasma lipidome identifies 495 genetic associations.,Glycerophospholipids (GP),Phosphatidylinositol (18:0_18:1),Phosphatidylinositol (18:0_18:1) levels,level of Phosphatidylinositol (18:0_18:1) in blood serum,-,7162,,6,http://ftp.ebi.ac.uk/pub/databases/gwas/summary_statistics/GCST90277001-GCST90278000/GCST90277361,no,yes,Genome-wide genotyping array,37907536,"7,162 Finnish ancestry individuals",NA
Ottensmann L,GCST90277362,2023/10/31,Nat Commun,Genome-wide association analysis of plasma lipidome identifies 495 genetic associations.,Glycerophospholipids (GP),Phosphatidylinositol (18:0_18:2),Phosphatidylinositol (18:0_18:2) levels,level of Phosphatidylinositol (18:0_18:2) in blood serum,-,7170,,6,http://ftp.ebi.ac.uk/pub/databases/gwas/summary_statistics/GCST90277001-GCST90278000/GCST90277362,no,yes,Genome-wide genotyping array,37907536,"7,170 Finnish ancestry individuals",NA
Ottensmann L,GCST90277363,2023/10/31,Nat Commun,Genome-wide association analysis of plasma lipidome identifies 495 genetic associations.,Glycerophospholipids (GP),Phosphatidylinositol (18:0_20:3),Phosphatidylinositol (18:0_20:3) levels,level of Phosphatidylinositol (18:0_20:3) in blood serum,-,6784,,5,http://ftp.ebi.ac.uk/pub/databases/gwas/summary_statistics/GCST90277001-GCST90278000/GCST90277363,no,yes,Genome-wide genotyping array,37907536,"6,784 Finnish ancestry individuals",NA
Ottensmann L,GCST90277364,2023/10/31,Nat Commun,Genome-wide association analysis of plasma lipidome identifies 495 genetic associations.,Glycerophospholipids (GP),Phosphatidylinositol (18:0_20:4),Phosphatidylinositol (18:0_20:4) levels,level of Phosphatidylinositol (18:0_20:4) in blood serum,-,7174,,7,http://ftp.ebi.ac.uk/pub/databases/gwas/summary_statistics/GCST90277001-GCST90278000/GCST90277364,no,yes,Genome-wide genotyping array,37907536,"7,174 Finnish ancestry individuals",NA
Ottensmann L,GCST90277365,2023/10/31,Nat Commun,Genome-wide association analysis of plasma lipidome identifies 495 genetic associations.,Glycerophospholipids (GP),Phosphatidylinositol (18:1_18:1),Phosphatidylinositol (18:1_18:1) levels,level of Phosphatidylinositol (18:1_18:1) in blood serum,-,7164,,5,http://ftp.ebi.ac.uk/pub/databases/gwas/summary_statistics/GCST90277001-GCST90278000/GCST90277365,no,yes,Genome-wide genotyping array,37907536,"7,164 Finnish ancestry individuals",NA
Ottensmann L,GCST90277366,2023/10/31,Nat Commun,Genome-wide association analysis of plasma lipidome identifies 495 genetic associations.,Glycerophospholipids (GP),Phosphatidylinositol (18:1_18:2),Phosphatidylinositol (18:1_18:2) levels,level of Phosphatidylinositol (18:1_18:2) in blood serum,-,6489,,3,http://ftp.ebi.ac.uk/pub/databases/gwas/summary_statistics/GCST90277001-GCST90278000/GCST90277366,no,yes,Genome-wide genotyping array,37907536,"6,489 Finnish ancestry individuals",NA
Ottensmann L,GCST90277367,2023/10/31,Nat Commun,Genome-wide association analysis of plasma lipidome identifies 495 genetic associations.,Glycerophospholipids (GP),Phosphatidylinositol (18:1_20:4),Phosphatidylinositol (18:1_20:4) levels,level of Phosphatidylinositol (18:1_20:4) in blood serum,-,5882,,2,http://ftp.ebi.ac.uk/pub/databases/gwas/summary_statistics/GCST90277001-GCST90278000/GCST90277367,no,yes,Genome-wide genotyping array,37907536,"5,882 Finnish ancestry individuals",NA
Ottensmann L,GCST90277368,2023/10/31,Nat Commun,Genome-wide association analysis of plasma lipidome identifies 495 genetic associations.,Sphingolipids (SL),Sphingomyelin (d32:1),Sphingomyelin (d32:1) levels,level of Sphingomyelin (d32:1) in blood serum,-,7174,,4,http://ftp.ebi.ac.uk/pub/databases/gwas/summary_statistics/GCST90277001-GCST90278000/GCST90277368,no,yes,Genome-wide genotyping array,37907536,"7,174 Finnish ancestry individuals",NA
Ottensmann L,GCST90277369,2023/10/31,Nat Commun,Genome-wide association analysis of plasma lipidome identifies 495 genetic associations.,Sphingolipids (SL),Sphingomyelin (d34:0),Sphingomyelin (d34:0) levels,level of Sphingomyelin (d34:0) in blood serum,-,6207,,2,http://ftp.ebi.ac.uk/pub/databases/gwas/summary_statistics/GCST90277001-GCST90278000/GCST90277369,no,yes,Genome-wide genotyping array,37907536,"6,207 Finnish ancestry individuals",NA
Ottensmann L,GCST90277370,2023/10/31,Nat Commun,Genome-wide association analysis of plasma lipidome identifies 495 genetic associations.,Sphingolipids (SL),Sphingomyelin (d34:1),Sphingomyelin (d34:1) levels,level of Sphingomyelin (d34:1) in blood serum,-,7174,,5,http://ftp.ebi.ac.uk/pub/databases/gwas/summary_statistics/GCST90277001-GCST90278000/GCST90277370,no,yes,Genome-wide genotyping array,37907536,"7,174 Finnish ancestry individuals",NA
Ottensmann L,GCST90277371,2023/10/31,Nat Commun,Genome-wide association analysis of plasma lipidome identifies 495 genetic associations.,Sphingolipids (SL),Sphingomyelin (d34:2),Sphingomyelin (d34:2) levels,level of Sphingomyelin (d34:2) in blood serum,-,7174,,6,http://ftp.ebi.ac.uk/pub/databases/gwas/summary_statistics/GCST90277001-GCST90278000/GCST90277371,no,yes,Genome-wide genotyping array,37907536,"7,174 Finnish ancestry individuals",NA
Ottensmann L,GCST90277372,2023/10/31,Nat Commun,Genome-wide association analysis of plasma lipidome identifies 495 genetic associations.,Sphingolipids (SL),Sphingomyelin (d36:1),Sphingomyelin (d36:1) levels,level of Sphingomyelin (d36:1) in blood serum,-,7174,,5,http://ftp.ebi.ac.uk/pub/databases/gwas/summary_statistics/GCST90277001-GCST90278000/GCST90277372,no,yes,Genome-wide genotyping array,37907536,"7,174 Finnish ancestry individuals",NA
Ottensmann L,GCST90277373,2023/10/31,Nat Commun,Genome-wide association analysis of plasma lipidome identifies 495 genetic associations.,Sphingolipids (SL),Sphingomyelin (d36:2),Sphingomyelin (d36:2) levels,level of Sphingomyelin (d36:2) in blood serum,-,7173,,4,http://ftp.ebi.ac.uk/pub/databases/gwas/summary_statistics/GCST90277001-GCST90278000/GCST90277373,no,yes,Genome-wide genotyping array,37907536,"7,173 Finnish ancestry individuals",NA
Ottensmann L,GCST90277374,2023/10/31,Nat Commun,Genome-wide association analysis of plasma lipidome identifies 495 genetic associations.,Sphingolipids (SL),Sphingomyelin (d38:1),Sphingomyelin (d38:1) levels,level of Sphingomyelin (d38:1) in blood serum,-,7174,,6,http://ftp.ebi.ac.uk/pub/databases/gwas/summary_statistics/GCST90277001-GCST90278000/GCST90277374,no,yes,Genome-wide genotyping array,37907536,"7,174 Finnish ancestry individuals",NA
Ottensmann L,GCST90277375,2023/10/31,Nat Commun,Genome-wide association analysis of plasma lipidome identifies 495 genetic associations.,Sphingolipids (SL),Sphingomyelin (d38:2),Sphingomyelin (d38:2) levels,level of Sphingomyelin (d38:2) in blood serum,-,7150,,5,http://ftp.ebi.ac.uk/pub/databases/gwas/summary_statistics/GCST90277001-GCST90278000/GCST90277375,no,yes,Genome-wide genotyping array,37907536,"7,150 Finnish ancestry individuals",NA
Ottensmann L,GCST90277376,2023/10/31,Nat Commun,Genome-wide association analysis of plasma lipidome identifies 495 genetic associations.,Sphingolipids (SL),Sphingomyelin (d40:1),Sphingomyelin (d40:1) levels,level of Sphingomyelin (d40:1) in blood serum,-,7174,,3,http://ftp.ebi.ac.uk/pub/databases/gwas/summary_statistics/GCST90277001-GCST90278000/GCST90277376,no,yes,Genome-wide genotyping array,37907536,"7,174 Finnish ancestry individuals",NA
Ottensmann L,GCST90277377,2023/10/31,Nat Commun,Genome-wide association analysis of plasma lipidome identifies 495 genetic associations.,Sphingolipids (SL),Sphingomyelin (d40:2),Sphingomyelin (d40:2) levels,level of Sphingomyelin (d40:2) in blood serum,-,7174,,6,http://ftp.ebi.ac.uk/pub/databases/gwas/summary_statistics/GCST90277001-GCST90278000/GCST90277377,no,yes,Genome-wide genotyping array,37907536,"7,174 Finnish ancestry individuals",NA
Ottensmann L,GCST90277378,2023/10/31,Nat Commun,Genome-wide association analysis of plasma lipidome identifies 495 genetic associations.,Sphingolipids (SL),Sphingomyelin (d42:2),Sphingomyelin (d42:2) levels,level of Sphingomyelin (d42:2) in blood serum,-,7174,,6,http://ftp.ebi.ac.uk/pub/databases/gwas/summary_statistics/GCST90277001-GCST90278000/GCST90277378,no,yes,Genome-wide genotyping array,37907536,"7,174 Finnish ancestry individuals",NA
Ottensmann L,GCST90277379,2023/10/31,Nat Commun,Genome-wide association analysis of plasma lipidome identifies 495 genetic associations.,Glycerolipids (GL),Triacylglycerol (46:1),Triacylglycerol (46:1) levels,triacylglycerol 46:1 measurement,-,6070,,0,http://ftp.ebi.ac.uk/pub/databases/gwas/summary_statistics/GCST90277001-GCST90278000/GCST90277379,no,yes,Genome-wide genotyping array,37907536,"6,070 Finnish ancestry individuals",NA
Ottensmann L,GCST90277380,2023/10/31,Nat Commun,Genome-wide association analysis of plasma lipidome identifies 495 genetic associations.,Glycerolipids (GL),Triacylglycerol (46:2),Triacylglycerol (46:2) levels,triacylglycerol 46:2 measurement,-,5448,,1,http://ftp.ebi.ac.uk/pub/databases/gwas/summary_statistics/GCST90277001-GCST90278000/GCST90277380,no,yes,Genome-wide genotyping array,37907536,"5,448 Finnish ancestry individuals",NA
Ottensmann L,GCST90277381,2023/10/31,Nat Commun,Genome-wide association analysis of plasma lipidome identifies 495 genetic associations.,Glycerolipids (GL),Triacylglycerol (48:0),Triacylglycerol (48:0) levels,triacylglycerol 48:0 measurement,-,5463,,0,http://ftp.ebi.ac.uk/pub/databases/gwas/summary_statistics/GCST90277001-GCST90278000/GCST90277381,no,yes,Genome-wide genotyping array,37907536,"5,463 Finnish ancestry individuals",NA
Ottensmann L,GCST90277382,2023/10/31,Nat Commun,Genome-wide association analysis of plasma lipidome identifies 495 genetic associations.,Glycerolipids (GL),Triacylglycerol (48:1),Triacylglycerol (48:1) levels,triacylglycerol 48:1 measurement,-,7019,,2,http://ftp.ebi.ac.uk/pub/databases/gwas/summary_statistics/GCST90277001-GCST90278000/GCST90277382,no,yes,Genome-wide genotyping array,37907536,"7,019 Finnish ancestry individuals",NA
Ottensmann L,GCST90277383,2023/10/31,Nat Commun,Genome-wide association analysis of plasma lipidome identifies 495 genetic associations.,Glycerolipids (GL),Triacylglycerol (48:2),Triacylglycerol (48:2) levels,triacylglycerol 48:2 measurement,-,7071,,2,http://ftp.ebi.ac.uk/pub/databases/gwas/summary_statistics/GCST90277001-GCST90278000/GCST90277383,no,yes,Genome-wide genotyping array,37907536,"7,071 Finnish ancestry individuals",NA
Ottensmann L,GCST90277384,2023/10/31,Nat Commun,Genome-wide association analysis of plasma lipidome identifies 495 genetic associations.,Glycerolipids (GL),Triacylglycerol (48:3),Triacylglycerol (48:3) levels,triacylglycerol 48:3 measurement,-,6855,,2,http://ftp.ebi.ac.uk/pub/databases/gwas/summary_statistics/GCST90277001-GCST90278000/GCST90277384,no,yes,Genome-wide genotyping array,37907536,"6,855 Finnish ancestry individuals",NA
Ottensmann L,GCST90277385,2023/10/31,Nat Commun,Genome-wide association analysis of plasma lipidome identifies 495 genetic associations.,Glycerolipids (GL),Triacylglycerol (49:1),Triacylglycerol (49:1) levels,triacylglycerol 49:1 measurement,-,5843,,0,http://ftp.ebi.ac.uk/pub/databases/gwas/summary_statistics/GCST90277001-GCST90278000/GCST90277385,no,yes,Genome-wide genotyping array,37907536,"5,843 Finnish ancestry individuals",NA
Ottensmann L,GCST90277386,2023/10/31,Nat Commun,Genome-wide association analysis of plasma lipidome identifies 495 genetic associations.,Glycerolipids (GL),Triacylglycerol (49:2),Triacylglycerol (49:2) levels,level of Triacylglycerol (49:2) in blood serum,-,6076,,3,http://ftp.ebi.ac.uk/pub/databases/gwas/summary_statistics/GCST90277001-GCST90278000/GCST90277386,no,yes,Genome-wide genotyping array,37907536,"6,076 Finnish ancestry individuals",NA
Ottensmann L,GCST90277387,2023/10/31,Nat Commun,Genome-wide association analysis of plasma lipidome identifies 495 genetic associations.,Glycerolipids (GL),Triacylglycerol (50:1),Triacylglycerol (50:1) levels,triacylglycerol 50:1 measurement,-,7143,,3,http://ftp.ebi.ac.uk/pub/databases/gwas/summary_statistics/GCST90277001-GCST90278000/GCST90277387,no,yes,Genome-wide genotyping array,37907536,"7,143 Finnish ancestry individuals",NA
Ottensmann L,GCST90277388,2023/10/31,Nat Commun,Genome-wide association analysis of plasma lipidome identifies 495 genetic associations.,Glycerolipids (GL),Triacylglycerol (50:2),Triacylglycerol (50:2) levels,triacylglycerol 50:2 measurement,-,7172,,2,http://ftp.ebi.ac.uk/pub/databases/gwas/summary_statistics/GCST90277001-GCST90278000/GCST90277388,no,yes,Genome-wide genotyping array,37907536,"7,172 Finnish ancestry individuals",NA
Ottensmann L,GCST90277389,2023/10/31,Nat Commun,Genome-wide association analysis of plasma lipidome identifies 495 genetic associations.,Glycerolipids (GL),Triacylglycerol (50:3),Triacylglycerol (50:3) levels,triacylglycerol 50:3 measurement,-,7161,,3,http://ftp.ebi.ac.uk/pub/databases/gwas/summary_statistics/GCST90277001-GCST90278000/GCST90277389,no,yes,Genome-wide genotyping array,37907536,"7,161 Finnish ancestry individuals",NA
Ottensmann L,GCST90277390,2023/10/31,Nat Commun,Genome-wide association analysis of plasma lipidome identifies 495 genetic associations.,Glycerolipids (GL),Triacylglycerol (50:4),Triacylglycerol (50:4) levels,triacylglycerol 50:4 measurement,-,7166,,3,http://ftp.ebi.ac.uk/pub/databases/gwas/summary_statistics/GCST90277001-GCST90278000/GCST90277390,no,yes,Genome-wide genotyping array,37907536,"7,166 Finnish ancestry individuals",NA
Ottensmann L,GCST90277391,2023/10/31,Nat Commun,Genome-wide association analysis of plasma lipidome identifies 495 genetic associations.,Glycerolipids (GL),Triacylglycerol (50:5),Triacylglycerol (50:5) levels,triacylglycerol 50:5 measurement,-,5491,,3,http://ftp.ebi.ac.uk/pub/databases/gwas/summary_statistics/GCST90277001-GCST90278000/GCST90277391,no,yes,Genome-wide genotyping array,37907536,"5,491 Finnish ancestry individuals",NA
Ottensmann L,GCST90277392,2023/10/31,Nat Commun,Genome-wide association analysis of plasma lipidome identifies 495 genetic associations.,Glycerolipids (GL),Triacylglycerol (51:1),Triacylglycerol (51:1) levels,triacylglycerol 51:1 measurement,-,5495,,0,http://ftp.ebi.ac.uk/pub/databases/gwas/summary_statistics/GCST90277001-GCST90278000/GCST90277392,no,yes,Genome-wide genotyping array,37907536,"5,495 Finnish ancestry individuals",NA
Ottensmann L,GCST90277393,2023/10/31,Nat Commun,Genome-wide association analysis of plasma lipidome identifies 495 genetic associations.,Glycerolipids (GL),Triacylglycerol (51:2),Triacylglycerol (51:2) levels,triacylglycerol 51:2 measurement,-,7149,,2,http://ftp.ebi.ac.uk/pub/databases/gwas/summary_statistics/GCST90277001-GCST90278000/GCST90277393,no,yes,Genome-wide genotyping array,37907536,"7,149 Finnish ancestry individuals",NA
Ottensmann L,GCST90277394,2023/10/31,Nat Commun,Genome-wide association analysis of plasma lipidome identifies 495 genetic associations.,Glycerolipids (GL),Triacylglycerol (51:3),Triacylglycerol (51:3) levels,level of Triacylglycerol (51:3) in blood serum,-,7119,,6,http://ftp.ebi.ac.uk/pub/databases/gwas/summary_statistics/GCST90277001-GCST90278000/GCST90277394,no,yes,Genome-wide genotyping array,37907536,"7,119 Finnish ancestry individuals",NA
Ottensmann L,GCST90277395,2023/10/31,Nat Commun,Genome-wide association analysis of plasma lipidome identifies 495 genetic associations.,Glycerolipids (GL),Triacylglycerol (51:4),Triacylglycerol (51:4) levels,level of Triacylglycerol (51:4) in blood serum,-,5237,,2,http://ftp.ebi.ac.uk/pub/databases/gwas/summary_statistics/GCST90277001-GCST90278000/GCST90277395,no,yes,Genome-wide genotyping array,37907536,"5,237 Finnish ancestry individuals",NA
Ottensmann L,GCST90277396,2023/10/31,Nat Commun,Genome-wide association analysis of plasma lipidome identifies 495 genetic associations.,Glycerolipids (GL),Triacylglycerol (52:2),Triacylglycerol (52:2) levels,triacylglycerol 52:2 measurement,-,7168,,4,http://ftp.ebi.ac.uk/pub/databases/gwas/summary_statistics/GCST90277001-GCST90278000/GCST90277396,no,yes,Genome-wide genotyping array,37907536,"7,168 Finnish ancestry individuals",NA
Ottensmann L,GCST90277397,2023/10/31,Nat Commun,Genome-wide association analysis of plasma lipidome identifies 495 genetic associations.,Glycerolipids (GL),Triacylglycerol (52:3),Triacylglycerol (52:3) levels,triacylglycerol 52:3 measurement,-,7173,,6,http://ftp.ebi.ac.uk/pub/databases/gwas/summary_statistics/GCST90277001-GCST90278000/GCST90277397,no,yes,Genome-wide genotyping array,37907536,"7,173 Finnish ancestry individuals",NA
Ottensmann L,GCST90277398,2023/10/31,Nat Commun,Genome-wide association analysis of plasma lipidome identifies 495 genetic associations.,Glycerolipids (GL),Triacylglycerol (52:4),Triacylglycerol (52:4) levels,triacylglycerol 52:4 measurement,-,7174,,7,http://ftp.ebi.ac.uk/pub/databases/gwas/summary_statistics/GCST90277001-GCST90278000/GCST90277398,no,yes,Genome-wide genotyping array,37907536,"7,174 Finnish ancestry individuals",NA
Ottensmann L,GCST90277399,2023/10/31,Nat Commun,Genome-wide association analysis of plasma lipidome identifies 495 genetic associations.,Glycerolipids (GL),Triacylglycerol (52:5),Triacylglycerol (52:5) levels,triacylglycerol 52:5 measurement,-,7172,,4,http://ftp.ebi.ac.uk/pub/databases/gwas/summary_statistics/GCST90277001-GCST90278000/GCST90277399,no,yes,Genome-wide genotyping array,37907536,"7,172 Finnish ancestry individuals",NA
Ottensmann L,GCST90277400,2023/10/31,Nat Commun,Genome-wide association analysis of plasma lipidome identifies 495 genetic associations.,Glycerolipids (GL),Triacylglycerol (52:6),Triacylglycerol (52:6) levels,triacylglycerol 52:6 measurement,-,6554,,4,http://ftp.ebi.ac.uk/pub/databases/gwas/summary_statistics/GCST90277001-GCST90278000/GCST90277400,no,yes,Genome-wide genotyping array,37907536,"6,554 Finnish ancestry individuals",NA
Ottensmann L,GCST90277401,2023/10/31,Nat Commun,Genome-wide association analysis of plasma lipidome identifies 495 genetic associations.,Glycerolipids (GL),Triacylglycerol (53:2),Triacylglycerol (53:2) levels,triacylglycerol 53:2 measurement,-,6996,,3,http://ftp.ebi.ac.uk/pub/databases/gwas/summary_statistics/GCST90277001-GCST90278000/GCST90277401,no,yes,Genome-wide genotyping array,37907536,"6,996 Finnish ancestry individuals",NA
Ottensmann L,GCST90277402,2023/10/31,Nat Commun,Genome-wide association analysis of plasma lipidome identifies 495 genetic associations.,Glycerolipids (GL),Triacylglycerol (53:3),Triacylglycerol (53:3) levels,level of Triacylglycerol (53:3) in blood serum,-,7113,,6,http://ftp.ebi.ac.uk/pub/databases/gwas/summary_statistics/GCST90277001-GCST90278000/GCST90277402,no,yes,Genome-wide genotyping array,37907536,"7,113 Finnish ancestry individuals",NA
Ottensmann L,GCST90277403,2023/10/31,Nat Commun,Genome-wide association analysis of plasma lipidome identifies 495 genetic associations.,Glycerolipids (GL),Triacylglycerol (53:4),Triacylglycerol (53:4) levels,level of Triacylglycerol (53:4) in blood serum,-,6479,,4,http://ftp.ebi.ac.uk/pub/databases/gwas/summary_statistics/GCST90277001-GCST90278000/GCST90277403,no,yes,Genome-wide genotyping array,37907536,"6,479 Finnish ancestry individuals",NA
Ottensmann L,GCST90277404,2023/10/31,Nat Commun,Genome-wide association analysis of plasma lipidome identifies 495 genetic associations.,Glycerolipids (GL),Triacylglycerol (54:3),Triacylglycerol (54:3) levels,triacylglycerol 54:3 measurement,-,7162,,4,http://ftp.ebi.ac.uk/pub/databases/gwas/summary_statistics/GCST90277001-GCST90278000/GCST90277404,no,yes,Genome-wide genotyping array,37907536,"7,162 Finnish ancestry individuals",NA
Ottensmann L,GCST90277405,2023/10/31,Nat Commun,Genome-wide association analysis of plasma lipidome identifies 495 genetic associations.,Glycerolipids (GL),Triacylglycerol (54:4),Triacylglycerol (54:4) levels,triacylglycerol 54:4 measurement,-,7165,,7,http://ftp.ebi.ac.uk/pub/databases/gwas/summary_statistics/GCST90277001-GCST90278000/GCST90277405,no,yes,Genome-wide genotyping array,37907536,"7,165 Finnish ancestry individuals",NA
Ottensmann L,GCST90277406,2023/10/31,Nat Commun,Genome-wide association analysis of plasma lipidome identifies 495 genetic associations.,Glycerolipids (GL),Triacylglycerol (54:5),Triacylglycerol (54:5) levels,triacylglycerol 54:5 measurement,-,7146,,4,http://ftp.ebi.ac.uk/pub/databases/gwas/summary_statistics/GCST90277001-GCST90278000/GCST90277406,no,yes,Genome-wide genotyping array,37907536,"7,146 Finnish ancestry individuals",NA
Ottensmann L,GCST90277407,2023/10/31,Nat Commun,Genome-wide association analysis of plasma lipidome identifies 495 genetic associations.,Glycerolipids (GL),Triacylglycerol (54:6),Triacylglycerol (54:6) levels,triacylglycerol 54:6 measurement,-,7066,,3,http://ftp.ebi.ac.uk/pub/databases/gwas/summary_statistics/GCST90277001-GCST90278000/GCST90277407,no,yes,Genome-wide genotyping array,37907536,"7,066 Finnish ancestry individuals",NA
Ottensmann L,GCST90277408,2023/10/31,Nat Commun,Genome-wide association analysis of plasma lipidome identifies 495 genetic associations.,Glycerolipids (GL),Triacylglycerol (54:7),Triacylglycerol (54:7) levels,triacylglycerol 54:7 measurement,-,6828,,4,http://ftp.ebi.ac.uk/pub/databases/gwas/summary_statistics/GCST90277001-GCST90278000/GCST90277408,no,yes,Genome-wide genotyping array,37907536,"6,828 Finnish ancestry individuals",NA
Ottensmann L,GCST90277409,2023/10/31,Nat Commun,Genome-wide association analysis of plasma lipidome identifies 495 genetic associations.,Glycerolipids (GL),Triacylglycerol (56:3),Triacylglycerol (56:3) levels,triacylglycerol 56:3 measurement,-,6172,,4,http://ftp.ebi.ac.uk/pub/databases/gwas/summary_statistics/GCST90277001-GCST90278000/GCST90277409,no,yes,Genome-wide genotyping array,37907536,"6,172 Finnish ancestry individuals",NA
Ottensmann L,GCST90277410,2023/10/31,Nat Commun,Genome-wide association analysis of plasma lipidome identifies 495 genetic associations.,Glycerolipids (GL),Triacylglycerol (56:4),Triacylglycerol (56:4) levels,triacylglycerol 56:4 measurement,-,5820,,3,http://ftp.ebi.ac.uk/pub/databases/gwas/summary_statistics/GCST90277001-GCST90278000/GCST90277410,no,yes,Genome-wide genotyping array,37907536,"5,820 Finnish ancestry individuals",NA
Ottensmann L,GCST90277411,2023/10/31,Nat Commun,Genome-wide association analysis of plasma lipidome identifies 495 genetic associations.,Glycerolipids (GL),Triacylglycerol (56:5),Triacylglycerol (56:5) levels,triacylglycerol 56:5 measurement,-,5490,,4,http://ftp.ebi.ac.uk/pub/databases/gwas/summary_statistics/GCST90277001-GCST90278000/GCST90277411,no,yes,Genome-wide genotyping array,37907536,"5,490 Finnish ancestry individuals",NA
Ottensmann L,GCST90277412,2023/10/31,Nat Commun,Genome-wide association analysis of plasma lipidome identifies 495 genetic associations.,Glycerolipids (GL),Triacylglycerol (56:6),Triacylglycerol (56:6) levels,triacylglycerol 56:6 measurement,-,7151,,7,http://ftp.ebi.ac.uk/pub/databases/gwas/summary_statistics/GCST90277001-GCST90278000/GCST90277412,no,yes,Genome-wide genotyping array,37907536,"7,151 Finnish ancestry individuals",NA
Ottensmann L,GCST90277413,2023/10/31,Nat Commun,Genome-wide association analysis of plasma lipidome identifies 495 genetic associations.,Glycerolipids (GL),Triacylglycerol (56:7),Triacylglycerol (56:7) levels,triacylglycerol 56:7 measurement,-,7148,,5,http://ftp.ebi.ac.uk/pub/databases/gwas/summary_statistics/GCST90277001-GCST90278000/GCST90277413,no,yes,Genome-wide genotyping array,37907536,"7,148 Finnish ancestry individuals",NA
Ottensmann L,GCST90277414,2023/10/31,Nat Commun,Genome-wide association analysis of plasma lipidome identifies 495 genetic associations.,Glycerolipids (GL),Triacylglycerol (56:8),Triacylglycerol (56:8) levels,triacylglycerol 56:8 measurement,-,6800,,5,http://ftp.ebi.ac.uk/pub/databases/gwas/summary_statistics/GCST90277001-GCST90278000/GCST90277414,no,yes,Genome-wide genotyping array,37907536,"6,800 Finnish ancestry individuals",NA
Ottensmann L,GCST90277415,2023/10/31,Nat Commun,Genome-wide association analysis of plasma lipidome identifies 495 genetic associations.,Glycerolipids (GL),Triacylglycerol (58:7),Triacylglycerol (58:7) levels,triacylglycerol 58:7 measurement,-,5403,,6,http://ftp.ebi.ac.uk/pub/databases/gwas/summary_statistics/GCST90277001-GCST90278000/GCST90277415,no,yes,Genome-wide genotyping array,37907536,"5,403 Finnish ancestry individuals",NA
Ottensmann L,GCST90277416,2023/10/31,Nat Commun,Genome-wide association analysis of plasma lipidome identifies 495 genetic associations.,Glycerolipids (GL),Triacylglycerol (58:8),Triacylglycerol (58:8) levels,triacylglycerol 58:8 measurement,-,6384,,2,http://ftp.ebi.ac.uk/pub/databases/gwas/summary_statistics/GCST90277001-GCST90278000/GCST90277416,no,yes,Genome-wide genotyping array,37907536,"6,384 Finnish ancestry individuals",NA
